,SampleDateTime,Ammonia filtered,Unit Ammonia filtered,Carbon dissolved inorganic,Unit Carbon dissolved inorganic,Carbon dissolved organic,Unit Carbon dissolved organic,Carbon particulate organic,Unit Carbon particulate organic,Chloride dissolved,Unit Chloride dissolved,Chlorophyll A,Unit Chlorophyll A,Chlorophyll corrected,Unit Chlorophyll corrected,Nitrite and nitrate filtered,Unit Nitrite and nitrate filtered,Nitrite filtered,Unit Nitrite filtered,Nitrogen Kjeldahl total,Unit Nitrogen Kjeldahl total,Nitrogen particulate,Unit Nitrogen particulate,Nitrogen total,Unit Nitrogen total,Nitrogen total dissolved,Unit Nitrogen total dissolved,Phosphorus particulate,Unit Phosphorus particulate,Phosphorus soluble reactive,Unit Phosphorus soluble reactive,Phosphorus total,Unit Phosphorus total,Phosphorus total dissolved,Unit Phosphorus total dissolved,Phosphorus total filtered,Unit Phosphorus total filtered,SiO2,Unit SiO2,Silica soluble reactive,Unit Silica soluble reactive,Specific conductance,Unit Specific conductance,Total suspended solids (non-filterable residue),Unit Total suspended solids (non-filterable residue),Turbidity,Unit Turbidity
0,2012-01-17,0.068,mg/L,53.0,mg/L,4.1,mg/L,3.19,mg/L,49.4,mg/L,3.7,µg/L,3.6,µg/L,6.04,mg/L,,,0.584,mg/L,0.334,mg/L,6.725,mg/L,,,0.133,mg/L,0.0346,mg/L,0.105,mg/L,,,0.0365,mg/L,6.01,mg/L,,,702.0,µS/cm,,,67.3,NTU
1,2012-01-23,0.046,mg/L,53.5,mg/L,3.8,mg/L,2.05,mg/L,49.3,mg/L,1.4,µg/L,,,6.6,mg/L,,,0.555,mg/L,0.15,mg/L,7.34,mg/L,,,,,0.0376,mg/L,0.088,mg/L,,,0.0378,mg/L,6.42,mg/L,,,694.0,µS/cm,,,34.1,NTU
2,2012-01-31,0.034,mg/L,53.5,mg/L,3.6,mg/L,1.92,mg/L,60.0,mg/L,1.5,µg/L,0.1,µg/L,6.22,mg/L,,,0.504,mg/L,0.163,mg/L,7.39,mg/L,,,,,0.0311,mg/L,0.0619,mg/L,,,0.0321,mg/L,6.26,mg/L,,,729.0,µS/cm,,,17.0,NTU
3,2012-02-06,0.0435,mg/L,50.0,mg/L,3.6500000000000004,mg/L,1.4049999999999998,mg/L,40.05,mg/L,0.7,µg/L,0.1,µg/L,6.234999999999999,mg/L,,,0.5609999999999999,mg/L,0.151,mg/L,6.73,mg/L,,,,,0.03585,mg/L,0.06475,mg/L,,,0.0387,mg/L,5.51,mg/L,,,630.5,µS/cm,30.65,mg/L,26.549999999999997,NTU
4,2012-02-13,0.026,mg/L,56.4,mg/L,3.2,mg/L,0.883,mg/L,51.2,mg/L,3.4,µg/L,0.1,µg/L,6.49,mg/L,,,0.459,mg/L,0.114,mg/L,7.815,mg/L,,,0.0279,mg/L,0.0212,mg/L,0.0534,mg/L,,,0.0242,mg/L,5.32,mg/L,,,735.0,µS/cm,,,14.2,NTU
5,2012-02-21,0.025,mg/L,55.0,mg/L,3.8,mg/L,1.16,mg/L,94.0,mg/L,3.0,µg/L,1.8,µg/L,5.64,mg/L,,,0.499,mg/L,0.129,mg/L,5.705,mg/L,,,0.0282,mg/L,0.0145,mg/L,0.0537,mg/L,,,0.0187,mg/L,4.65,mg/L,,,867.0,µS/cm,,,17.6,NTU
6,2012-02-28,0.014,mg/L,52.0,mg/L,3.9,mg/L,1.24,mg/L,75.3,mg/L,5.3,µg/L,4.3,µg/L,5.45,mg/L,,,0.44,mg/L,0.163,mg/L,5.95,mg/L,,,0.0403,mg/L,0.0107,mg/L,0.0609,mg/L,,,0.0163,mg/L,4.62,mg/L,,,772.0,µS/cm,,,25.6,NTU
7,2012-03-05,0.022,mg/L,50.6,mg/L,3.9,mg/L,3.94,mg/L,43.6,mg/L,10.9,µg/L,7.2,µg/L,5.92,mg/L,,,0.498,mg/L,0.441,mg/L,6.27,mg/L,,,0.0997,mg/L,0.0145,mg/L,0.0921,mg/L,,,0.0209,mg/L,4.33,mg/L,,,645.0,µS/cm,160.0,mg/L,61.4,NTU
8,2012-03-12,0.011,mg/L,51.5,mg/L,4.0,mg/L,1.335,mg/L,48.5,mg/L,1.9,µg/L,,,6.15,mg/L,,,0.5255000000000001,mg/L,0.146,mg/L,6.6075,mg/L,,,0.03555,mg/L,0.01735,mg/L,0.06334999999999999,mg/L,,,0.02255,mg/L,4.470000000000001,mg/L,,,677.5,µS/cm,,,20.5,NTU
9,2012-03-20,0.007,mg/L,52.4,mg/L,4.1,mg/L,1.02,mg/L,48.2,mg/L,,,,,5.72,mg/L,,,0.537,mg/L,0.146,mg/L,6.0600000000000005,mg/L,,,0.0331,mg/L,0.0173,mg/L,0.0532,mg/L,,,0.0225,mg/L,3.33,mg/L,,,675.0,µS/cm,,,25.9,NTU
10,2012-03-26,0.005,mg/L,52.4,mg/L,4.2,mg/L,1.6,mg/L,52.7,mg/L,16.9,µg/L,17.9,µg/L,4.86,mg/L,,,0.502,mg/L,0.253,mg/L,5.28,mg/L,,,0.0411,mg/L,0.0035,mg/L,0.0559,mg/L,,,0.0081,mg/L,0.9,mg/L,,,695.0,µS/cm,,,25.2,NTU
11,2012-04-02,0.005,mg/L,51.7,mg/L,4.2,mg/L,0.83,mg/L,60.8,mg/L,12.1,µg/L,13.0,µg/L,4.79,mg/L,,,0.589,mg/L,0.149,mg/L,5.54,mg/L,5.11,mg/L,0.0239,mg/L,0.0002,mg/L,0.0289,mg/L,,,0.0081,mg/L,0.89,mg/L,,,727.0,µS/cm,,,8.76,NTU
12,2012-04-10,0.0055,mg/L,47.8,mg/L,4.0,mg/L,1.67,mg/L,66.30000000000001,mg/L,20.200000000000003,µg/L,18.55,µg/L,4.645,mg/L,,,0.5175000000000001,mg/L,0.286,mg/L,4.975,mg/L,4.715,mg/L,0.0235,mg/L,0.0010999999999999998,mg/L,0.0349,mg/L,,,0.0078000000000000005,mg/L,0.02,mg/L,,,729.5,µS/cm,,,10.95,NTU
13,2012-04-16,0.012,mg/L,47.1,mg/L,4.7,mg/L,0.105,mg/L,64.4,mg/L,38.4,µg/L,35.9,µg/L,4.63,mg/L,,,0.47,mg/L,0.02,mg/L,5.15,mg/L,4.61,mg/L,0.0471,mg/L,0.001,mg/L,0.0388,mg/L,,,0.0076,mg/L,0.45,mg/L,,,722.0,µS/cm,38.2,mg/L,31.0,NTU
14,2012-06-11,0.021,mg/L,44.9,mg/L,4.6,mg/L,2.15,mg/L,65.4,mg/L,12.4,µg/L,10.7,µg/L,5.74,mg/L,,,0.581,mg/L,0.215,mg/L,6.42,mg/L,6.07,mg/L,0.0598,mg/L,0.0411,mg/L,0.12,mg/L,,,0.0417,mg/L,4.08,mg/L,,,715.0,µS/cm,71.4,mg/L,73.1,NTU
15,2012-06-18,0.023,mg/L,43.0,mg/L,4.5,mg/L,1.95,mg/L,72.6,mg/L,7.2,µg/L,7.0,µg/L,5.04,mg/L,,,0.577,mg/L,0.214,mg/L,5.18,mg/L,,,0.0611,mg/L,0.0284,mg/L,0.0823,mg/L,,,0.0298,mg/L,4.01,mg/L,,,,,74.7,mg/L,77.1,NTU
16,2012-06-25,0.057,mg/L,42.5,mg/L,4.8,mg/L,2.27,mg/L,85.9,mg/L,16.2,µg/L,14.3,µg/L,4.14,mg/L,,,0.565,mg/L,0.292,mg/L,4.63,mg/L,,,0.0697,mg/L,0.0399,mg/L,0.136,mg/L,,,0.043,mg/L,6.98,mg/L,,,,,104.8,mg/L,94.5,NTU
17,2012-07-03,0.028,mg/L,42.6,mg/L,4.2,mg/L,1.78,mg/L,88.4,mg/L,6.0,µg/L,5.4,µg/L,3.33,mg/L,,,0.455,mg/L,0.21,mg/L,3.88,mg/L,,,0.052,mg/L,0.0436,mg/L,0.1,mg/L,,,0.0444,mg/L,7.44,mg/L,,,,,61.0,mg/L,57.0,NTU
18,2012-07-23,0.024,mg/L,29.8,mg/L,4.8,mg/L,4.17,mg/L,92.9,mg/L,47.7,µg/L,39.2,µg/L,1.6,mg/L,,,0.529,mg/L,0.605,mg/L,2.13,mg/L,,,0.0915,mg/L,0.0005,mg/L,0.0569,mg/L,,,0.009,mg/L,0.38,mg/L,,,,,109.0,mg/L,76.8,NTU
19,2012-07-30,0.023,mg/L,31.4,mg/L,5.5,mg/L,6.91,mg/L,88.5,mg/L,101.0,µg/L,85.0,µg/L,2.29,mg/L,,,0.516,mg/L,1.0,mg/L,3.43,mg/L,,,0.177,mg/L,0.0016,mg/L,0.158,mg/L,,,0.0103,mg/L,4.61,mg/L,,,,,206.5,mg/L,151.0,NTU
20,2012-08-07,0.009,mg/L,20.0,mg/L,5.4,mg/L,15.7,mg/L,86.2,mg/L,265.0,µg/L,257.0,µg/L,0.006,mg/L,,,0.46,mg/L,3.18,mg/L,3.28,mg/L,,,0.165,mg/L,0.0017,mg/L,0.0866,mg/L,,,0.0101,mg/L,6.41,mg/L,,,,,120.0,mg/L,82.8,NTU
21,2012-08-27,0.023,mg/L,35.1,mg/L,4.4,mg/L,4.0,mg/L,88.3,mg/L,65.0,µg/L,57.3,µg/L,1.86,mg/L,,,0.438,mg/L,0.589,mg/L,2.52,mg/L,,,0.0757,mg/L,0.0006,mg/L,0.0692,mg/L,,,0.0096,mg/L,2.78,mg/L,,,,,119.3,mg/L,55.5,NTU
22,2012-09-04,0.023,mg/L,38.8,mg/L,4.5,mg/L,2.2,mg/L,94.4,mg/L,8.6,µg/L,7.0,µg/L,2.12,mg/L,,,0.5,mg/L,0.285,mg/L,2.72,mg/L,,,0.0657,mg/L,0.0155,mg/L,0.0907,mg/L,,,0.0243,mg/L,3.2,mg/L,,,,,94.0,mg/L,72.9,NTU
23,2012-09-10,0.022,mg/L,30.5,mg/L,5.2,mg/L,2.3,mg/L,65.9,mg/L,15.3,µg/L,11.6,µg/L,2.01,mg/L,,,0.453,mg/L,0.47,mg/L,2.84,mg/L,,,0.238,mg/L,0.0386,mg/L,0.203,mg/L,,,0.0448,mg/L,4.46,mg/L,,,,,201.5,mg/L,188.0,NTU
24,2012-09-18,0.019,mg/L,35.6,mg/L,4.8,mg/L,2.18,mg/L,76.9,mg/L,8.6,µg/L,8.7,µg/L,2.77,mg/L,,,0.51,mg/L,0.261,mg/L,3.21,mg/L,,,0.0691,mg/L,0.0293,mg/L,0.113,mg/L,,,0.0384,mg/L,4.5,mg/L,,,,,86.7,mg/L,83.8,NTU
25,2012-09-24,0.009,mg/L,34.2,mg/L,4.3,mg/L,2.45,mg/L,66.6,mg/L,7.5,µg/L,7.2,µg/L,2.4,mg/L,,,0.426,mg/L,0.237,mg/L,2.75,mg/L,,,0.0631,mg/L,0.035,mg/L,0.116,mg/L,,,0.044,mg/L,4.27,mg/L,,,,,85.7,mg/L,73.7,NTU
26,2012-10-01,0.017,mg/L,38.1,mg/L,5.1,mg/L,1.65,mg/L,76.3,mg/L,25.1,µg/L,21.7,µg/L,2.83,mg/L,,,0.517,mg/L,0.237,mg/L,3.08,mg/L,,,0.065,mg/L,0.0331,mg/L,0.0996,mg/L,,,0.0408,mg/L,3.63,mg/L,,,,,67.0,mg/L,61.0,NTU
27,2012-10-09,0.009,mg/L,37.6,mg/L,4.5,mg/L,2.68,mg/L,78.6,mg/L,31.7,µg/L,30.4,µg/L,1.94,mg/L,,,0.438,mg/L,0.49,mg/L,2.66,mg/L,,,0.0491,mg/L,0.0013,mg/L,0.0761,mg/L,,,0.0104,mg/L,0.89,mg/L,,,,,53.0,mg/L,50.0,NTU
28,2012-10-16,0.013000000000000001,mg/L,42.0,mg/L,4.199999999999999,mg/L,1.9,mg/L,98.7,mg/L,8.5,µg/L,7.199999999999999,µg/L,4.32,mg/L,,,0.5415000000000001,mg/L,0.20450000000000002,mg/L,4.945,mg/L,,,0.059399999999999994,mg/L,0.00875,mg/L,0.07935,mg/L,,,0.0179,mg/L,1.38,mg/L,,,,,65.45,mg/L,51.7,NTU
29,2012-10-23,0.01,mg/L,41.6,mg/L,5.3,mg/L,1.62,mg/L,76.6,mg/L,3.8,µg/L,3.7,µg/L,3.18,mg/L,,,0.516,mg/L,0.182,mg/L,4.07,mg/L,,,0.0516,mg/L,0.0281,mg/L,0.0927,mg/L,,,0.0397,mg/L,3.04,mg/L,,,,,45.8,mg/L,53.6,NTU
30,2012-11-05,0.093,mg/L,43.5,mg/L,5.9,mg/L,1.96,mg/L,53.7,mg/L,6.5,µg/L,6.0,µg/L,6.22,mg/L,,,0.706,mg/L,0.24,mg/L,6.45,mg/L,,,0.0531,mg/L,0.0417,mg/L,0.118,mg/L,,,0.0458,mg/L,7.02,mg/L,,,,,54.5,mg/L,38.3,NTU
31,2012-11-19,0.007,mg/L,52.8,mg/L,4.3,mg/L,0.623,mg/L,75.3,mg/L,1.8,µg/L,,,5.98,mg/L,,,0.581,mg/L,0.076,mg/L,6.35,mg/L,,,0.0177,mg/L,0.0234,mg/L,0.0526,mg/L,,,0.0315,mg/L,4.66,mg/L,,,,,10.3,mg/L,9.35,NTU
32,2013-05-01,0.009,mg/L,44.0,mg/L,4.6,mg/L,1.01,mg/L,48.5,mg/L,3.6,µg/L,3.5,µg/L,4.88,mg/L,,,0.546,mg/L,0.131,mg/L,5.52,mg/L,,,0.034,mg/L,0.0115,mg/L,0.0422,mg/L,0.0203,mg/L,,,,,2.89,mg/L,,,36.4,mg/L,23.3,NTU
33,2013-06-25,0.017,mg/L,,,,,,,58.4,mg/L,13.1,µg/L,10.1,µg/L,7.05,mg/L,,,0.599,mg/L,,,,,,,,,0.0117,mg/L,0.0503,mg/L,0.0176,mg/L,,,,,,,,,90.8,mg/L,,
34,2013-07-08,0.04,mg/L,45.8,mg/L,5.5,mg/L,5.11,mg/L,45.4,mg/L,0.4,µg/L,0.1,µg/L,7.64,mg/L,0.013,mg/L,0.706,mg/L,0.59,mg/L,8.06,mg/L,,,0.0669,mg/L,0.0372,mg/L,0.115,mg/L,0.0424,mg/L,,,,,5.06,mg/L,,,163.1,mg/L,47.0,NTU
35,2013-07-24,0.018,mg/L,,,,,,,64.1,mg/L,,,,,4.82,mg/L,,,0.578,mg/L,,,,,,,,,0.0368,mg/L,0.044,mg/L,0.0983,mg/L,,,,,,,,,46.2,mg/L,,
36,2013-07-30,0.021,mg/L,,,,,,,75.1,mg/L,,,,,4.83,mg/L,,,0.518,mg/L,,,,,,,,,0.0578,mg/L,0.116,mg/L,0.0639,mg/L,,,,,,,,,123.0,mg/L,,
37,2013-08-06,0.0075,mg/L,,,,,,,55.9,mg/L,,,,,3.365,mg/L,,,0.497,mg/L,,,,,,,,,0.01115,mg/L,0.09834999999999999,mg/L,0.01885,mg/L,,,,,,,,,101.5,mg/L,,
38,2013-08-13,0.037,mg/L,,,,,,,61.9,mg/L,,,,,2.46,mg/L,,,0.505,mg/L,,,,,,,,,0.0019,mg/L,0.0532,mg/L,0.0103,mg/L,,,,,,,,,48.8,mg/L,,
39,2013-08-20,0.005,mg/L,,,,,,,78.6,mg/L,,,,,3.04,mg/L,,,0.504,mg/L,,,,,,,,,0.0015,mg/L,0.0667,mg/L,0.0082,mg/L,,,,,,,,,63.8,mg/L,,
40,2013-08-27,0.029,mg/L,,,,,,,84.0,mg/L,,,,,3.09,mg/L,,,0.529,mg/L,,,,,,,,,0.0057,mg/L,0.0698,mg/L,0.0134,mg/L,,,,,,,,,86.2,mg/L,,
41,2013-09-04,0.017,mg/L,,,,,,,71.6,mg/L,,,,,2.39,mg/L,,,0.413,mg/L,,,,,,,,,0.0258,mg/L,0.11,mg/L,0.0322,mg/L,,,,,,,,,101.5,mg/L,,
42,2013-09-24,0.059,mg/L,,,,,,,24.4,mg/L,,,,,3.8600000000000003,mg/L,,,0.8965000000000001,mg/L,,,,,,,,,0.1275,mg/L,0.213,mg/L,0.138,mg/L,,,,,,,,,119.95,mg/L,,
43,2013-10-08,0.01,mg/L,,,,,,,28.9,mg/L,,,,,3.935,mg/L,,,0.7775000000000001,mg/L,,,,,,,,,0.11,mg/L,0.26949999999999996,mg/L,0.11449999999999999,mg/L,,,,,,,,,270.5,mg/L,,
44,2013-10-10,0.029,mg/L,,,,,,,21.4,mg/L,,,,,5.15,mg/L,,,0.788,mg/L,,,,,,,,,0.136,mg/L,0.225,mg/L,0.148,mg/L,,,,,,,,,99.3,mg/L,,
45,2013-10-17,0.009,mg/L,,,,,,,41.4,mg/L,,,,,5.44,mg/L,,,0.662,mg/L,,,,,,,,,0.0709,mg/L,0.125,mg/L,0.0809,mg/L,,,,,,,,,40.4,mg/L,,
46,2013-10-22,0.015,mg/L,,,,,,,39.7,mg/L,,,,,4.76,mg/L,,,0.71,mg/L,,,,,,,,,0.0438,mg/L,0.0875,mg/L,0.0477,mg/L,,,,,,,,,50.4,mg/L,,
47,2013-10-29,0.022,mg/L,,,,,,,22.6,mg/L,,,,,6.29,mg/L,,,0.721,mg/L,,,,,,,,,0.0797,mg/L,0.167,mg/L,0.083,mg/L,,,,,,,,,77.1,mg/L,,
48,2013-11-05,0.044,mg/L,,,,,,,23.0,mg/L,,,,,4.88,mg/L,,,0.76,mg/L,,,,,,,,,0.111,mg/L,0.204,mg/L,0.12,mg/L,,,,,,,,,50.8,mg/L,,
49,2013-11-12,0.0265,mg/L,,,,,,,32.7,mg/L,,,,,5.66,mg/L,,,0.6465000000000001,mg/L,,,,,,,,,0.05165,mg/L,0.121,mg/L,0.05715,mg/L,,,,,,,,,59.400000000000006,mg/L,,
50,2013-11-21,0.048,mg/L,,,,,,,38.2,mg/L,,,,,5.34,mg/L,,,0.58,mg/L,,,,,,,,,0.0376,mg/L,0.0785,mg/L,0.0424,mg/L,,,,,,,,,45.2,mg/L,,
51,2013-11-27,0.083,mg/L,,,,,,,43.7,mg/L,,,,,5.6,mg/L,,,0.796,mg/L,,,,,,,,,0.054,mg/L,0.111,mg/L,0.0603,mg/L,,,,,,,,,19.4,mg/L,,
52,2013-12-03,0.073,mg/L,,,,,,,73.7,mg/L,,,,,5.76,mg/L,,,0.595,mg/L,,,,,,,,,0.0427,mg/L,0.0854,mg/L,0.0477,mg/L,,,,,,,,,6.7,mg/L,,
53,2013-12-10,0.068,mg/L,,,,,,,46.0,mg/L,,,,,5.78,mg/L,,,0.692,mg/L,,,,,,,,,0.0404,mg/L,0.0815,mg/L,0.0453,mg/L,,,,,,,,,20.3,mg/L,,
54,2014-01-07,0.027,mg/L,,,,,,,73.3,mg/L,,,,,6.51,mg/L,,,0.577,mg/L,,,,,,,,,0.0366,mg/L,0.0528,mg/L,0.0411,mg/L,,,,,,,,,6.3,mg/L,,
55,2014-01-14,0.1335,mg/L,,,,,,,64.15,mg/L,,,,,4.125,mg/L,,,0.603,mg/L,,,,,,,,,0.0806,mg/L,0.227,mg/L,0.0844,mg/L,,,,,,,,,103.65,mg/L,,
56,2014-01-20,0.07,mg/L,,,,,,,73.9,mg/L,,,,,5.39,mg/L,,,0.586,mg/L,,,,,,,,,0.0635,mg/L,0.0897,mg/L,0.0678,mg/L,,,,,,,,,13.7,mg/L,,
57,2014-02-03,0.041,mg/L,,,,,,,74.6,mg/L,,,,,6.29,mg/L,,,0.591,mg/L,,,,,,,,,0.0475,mg/L,0.067,mg/L,0.0532,mg/L,,,,,,,,,5.8,mg/L,,
58,2014-02-10,0.1,mg/L,,,,,,,107.0,mg/L,,,,,2.63,mg/L,,,0.448,mg/L,,,,,,,,,0.0361,mg/L,0.068,mg/L,0.0389,mg/L,,,,,,,,,9.7,mg/L,,
59,2014-02-17,0.043,mg/L,,,,,,,86.15,mg/L,,,,,5.8100000000000005,mg/L,,,0.535,mg/L,,,,,,,,,0.04295,mg/L,0.060700000000000004,mg/L,0.0491,mg/L,,,,,,,,,4.65,mg/L,,
60,2014-02-21,0.099,mg/L,,,,,,,92.9,mg/L,,,,,5.74,mg/L,,,0.628,mg/L,,,,,,,,,0.0377,mg/L,0.0668,mg/L,0.0448,mg/L,,,,,,,,,,,,
61,2014-02-22,0.094,mg/L,,,,,,,69.1,mg/L,,,,,4.63,mg/L,,,0.584,mg/L,,,,,,,,,0.0441,mg/L,0.108,mg/L,0.0509,mg/L,,,,,,,,,,,,
62,2014-02-24,0.1345,mg/L,,,,,,,112.05,mg/L,,,,,3.99,mg/L,,,0.7375,mg/L,,,,,,,,,0.0652,mg/L,0.1285,mg/L,0.0739,mg/L,,,,,,,,,29.0,mg/L,,
63,2014-03-03,0.0675,mg/L,,,,,,,119.5,mg/L,,,,,5.43,mg/L,,,0.649,mg/L,,,,,,,,,0.028499999999999998,mg/L,0.05345,mg/L,0.0379,mg/L,,,,,,,,,9.3,mg/L,,
64,2014-03-10,0.028333333333333335,mg/L,,,,,,,94.76666666666667,mg/L,,,,,5.613333333333333,mg/L,,,0.4686666666666666,mg/L,,,,,,,,,0.0265,mg/L,0.0458,mg/L,0.03433333333333333,mg/L,,,,,,,,,6.2339,mg/L,,
65,2014-03-17,0.16,mg/L,,,,,,,125.0,mg/L,,,,,2.97,mg/L,,,0.709,mg/L,,,,,,,,,0.0724,mg/L,0.141,mg/L,0.0815,mg/L,,,,,,,,,34.5161,mg/L,,
66,2014-03-20,0.14200000000000002,mg/L,,,,,,,60.05,mg/L,,,,,2.985,mg/L,,,0.669,mg/L,,,,,,,,,0.05615,mg/L,0.175,mg/L,0.06575,mg/L,,,,,,,,,112.20394999999999,mg/L,,
67,2014-03-21,0.135,mg/L,,,,,,,51.6,mg/L,,,,,2.66,mg/L,,,0.679,mg/L,,,,,,,,,0.0655,mg/L,0.221,mg/L,0.0755,mg/L,,,,,,,,,153.1915,mg/L,,
68,2014-03-24,0.195,mg/L,,,,,,,52.7,mg/L,,,,,3.58,mg/L,,,0.712,mg/L,,,,,,,,,0.0656,mg/L,0.169,mg/L,0.0744,mg/L,,,,,,,,,105.4839,mg/L,,
69,2014-03-25,0.173,mg/L,,,,,,,55.5,mg/L,,,,,4.21,mg/L,,,0.657,mg/L,,,,,,,,,0.0584,mg/L,0.143,mg/L,0.0675,mg/L,,,,,,,,,72.9167,mg/L,,
70,2014-03-26,0.13,mg/L,,,,,,,57.8,mg/L,,,,,4.49,mg/L,,,0.659,mg/L,,,,,,,,,0.0509,mg/L,0.111,mg/L,0.0601,mg/L,,,,,,,,,52.7607,mg/L,,
71,2014-03-28,0.07675,mg/L,,,,,,,68.32499999999999,mg/L,,,,,4.67,mg/L,,,0.561,mg/L,,,,,,,,,0.038175,mg/L,0.088075,mg/L,0.045725,mg/L,,,,,,,,,48.995675,mg/L,,
72,2014-03-29,0.09133333333333334,mg/L,,,,,,,61.333333333333336,mg/L,,,,,4.319999999999999,mg/L,,,0.6026666666666667,mg/L,,,,,,,,,0.03933333333333333,mg/L,0.1446666666666667,mg/L,0.04683333333333333,mg/L,,,,,,,,,148.25,mg/L,,
73,2014-03-30,0.246,mg/L,,,,,,,37.0,mg/L,,,,,3.63,mg/L,,,0.776,mg/L,,,,,,,,,0.0715,mg/L,0.349,mg/L,0.0801,mg/L,,,,,,,,,443.0769,mg/L,,
74,2014-03-31,0.19133333333333336,mg/L,,,,,,,37.5,mg/L,,,,,4.076666666666667,mg/L,,,0.7456666666666667,mg/L,,,,,,,,,0.06316666666666666,mg/L,0.25433333333333336,mg/L,0.0716,mg/L,,,,,,,,,193.7016,mg/L,,
75,2014-04-03,0.17,mg/L,,,,,,,26.7,mg/L,,,,,3.69,mg/L,,,0.593,mg/L,,,,,,,,,0.0842,mg/L,0.28,mg/L,0.0927,mg/L,,,,,,,,,249.2593,mg/L,,
76,2014-04-04,0.1485,mg/L,,,,,,,22.4,mg/L,,,,,3.675,mg/L,,,0.59,mg/L,,,,,,,,,0.0925,mg/L,0.2715,mg/L,0.1005,mg/L,,,,,,,,,219.2206,mg/L,,
77,2014-04-05,0.13833333333333334,mg/L,,,,,,,20.900000000000002,mg/L,,,,,3.6833333333333336,mg/L,,,0.61,mg/L,,,,,,,,,0.09753333333333332,mg/L,0.25075000000000003,mg/L,0.10433333333333333,mg/L,,,,,,,,,353.35715,mg/L,,
78,2014-04-06,0.121,mg/L,,,,,,,25.9,mg/L,,,,,3.87,mg/L,,,0.647,mg/L,,,,,,,,,0.09185,mg/L,0.16310000000000002,mg/L,0.09945,mg/L,,,,,,,,,147.6516,mg/L,,
79,2014-04-07,0.121,mg/L,,,,,,,27.066666666666666,mg/L,,,,,4.083333333333333,mg/L,,,0.6436666666666667,mg/L,,,,,,,,,0.08949999999999998,mg/L,0.22666666666666666,mg/L,0.0968,mg/L,,,,,,,,,170.32323333333332,mg/L,,
80,2014-04-08,0.111,mg/L,,,,,,,28.3,mg/L,,,,,4.06,mg/L,,,0.563,mg/L,,,,,,,,,0.0857,mg/L,0.2,mg/L,0.0923,mg/L,,,,,,,,,294.6667,mg/L,,
81,2014-04-09,0.09300000000000001,mg/L,,,,,,,32.0,mg/L,,,,,4.196666666666667,mg/L,,,0.5966666666666667,mg/L,,,,,,,,,0.07823333333333334,mg/L,0.217,mg/L,0.08493333333333332,mg/L,,,,,,,,,270.35885,mg/L,,
82,2014-04-10,0.08,mg/L,,,,,,,28.5,mg/L,,,,,4.45,mg/L,,,0.712,mg/L,,,,,,,,,0.0797,mg/L,0.21,mg/L,0.0865,mg/L,,,,,,,,,,,,
83,2014-04-11,0.069,mg/L,,,,,,,28.1,mg/L,,,,,4.275,mg/L,,,0.5645,mg/L,,,,,,,,,0.0801,mg/L,0.1845,mg/L,0.08660000000000001,mg/L,,,,,,,,,115.7895,mg/L,,
84,2014-04-12,0.058,mg/L,,,,,,,29.5,mg/L,,,,,4.07,mg/L,,,0.646,mg/L,,,,,,,,,0.0755,mg/L,0.161,mg/L,0.0801,mg/L,,,,,,,,,82.5,mg/L,,
85,2014-04-13,0.048,mg/L,,,,,,,32.9,mg/L,,,,,3.97,mg/L,,,0.595,mg/L,,,,,,,,,0.0625,mg/L,0.15,mg/L,0.0677,mg/L,,,,,,,,,100.0,mg/L,,
86,2014-04-14,0.049,mg/L,,,,,,,36.3,mg/L,,,,,4.029999999999999,mg/L,,,0.5865,mg/L,,,,,,,,,0.06,mg/L,0.1385,mg/L,0.06609999999999999,mg/L,,,,,,,,,75.66575,mg/L,,
87,2014-04-15,0.043,mg/L,,,,,,,39.0,mg/L,,,,,4.17,mg/L,,,0.582,mg/L,,,,,,,,,0.0563,mg/L,0.144,mg/L,0.0616,mg/L,,,,,,,,,86.9565,mg/L,,
88,2014-04-16,0.063,mg/L,,,,,,,38.8,mg/L,,,,,4.31,mg/L,,,0.652,mg/L,,,,,,,,,0.0481,mg/L,0.154,mg/L,0.0546,mg/L,,,,,,,,,109.8305,mg/L,,
89,2014-04-22,0.0205,mg/L,,,,,,,54.900000000000006,mg/L,,,,,4.87,mg/L,,,0.573,mg/L,,,,,,,,,0.0283,mg/L,0.07495,mg/L,0.0345,mg/L,,,,,,,,,35.182900000000004,mg/L,,
90,2014-04-24,0.02,mg/L,,,,,,,59.8,mg/L,,,,,4.79,mg/L,,,0.491,mg/L,,,,,,,,,0.0175,mg/L,0.0623,mg/L,0.024,mg/L,,,,,,,,,29.2593,mg/L,,
91,2014-04-28,0.01,mg/L,,,,,,,68.6,mg/L,,,,,4.23,mg/L,,,0.493,mg/L,,,,,,,,,0.0013,mg/L,0.0412,mg/L,0.0079,mg/L,,,,,,,,,,,,
92,2014-05-01,0.121,mg/L,,,,,,,50.4,mg/L,,,,,4.53,mg/L,,,0.755,mg/L,,,,,,,,,0.0378,mg/L,0.338,mg/L,0.0485,mg/L,,,,,,,,,350.8671,mg/L,,
93,2014-05-05,0.011,mg/L,,,,,,,53.3,mg/L,,,,,4.93,mg/L,,,0.599,mg/L,,,,,,,,,0.0116,mg/L,0.067,mg/L,0.0194,mg/L,,,,,,,,,38.0,mg/L,,
94,2014-05-12,0.008,mg/L,,,,,,,61.7,mg/L,,,,,4.7,mg/L,,,0.557,mg/L,,,,,,,,,0.0008,mg/L,0.0392,mg/L,0.0074,mg/L,,,,,,,,,23.4483,mg/L,,
95,2014-05-15,0.043,mg/L,,,,,,,47.7,mg/L,,,,,3.87,mg/L,,,0.642,mg/L,,,,,,,,,0.0228,mg/L,0.25,mg/L,0.0295,mg/L,,,,,,,,,527.5,mg/L,,
96,2014-05-20,0.015,mg/L,,,,,,,44.0,mg/L,,,,,6.18,mg/L,,,0.71,mg/L,,,,,,,,,0.0239,mg/L,0.0683,mg/L,0.0321,mg/L,,,,,,,,,22.8,mg/L,,
97,2014-06-16,0.016,mg/L,,,,,,,85.3,mg/L,,,,,3.61,mg/L,,,0.452,mg/L,,,,,,,,,0.0464,mg/L,0.081,mg/L,0.0542,mg/L,,,,,,,,,163.2432,mg/L,,
98,2014-06-23,0.015,mg/L,,,,,,,75.7,mg/L,,,,,3.49,mg/L,,,0.561,mg/L,,,,,,,,,0.0335,mg/L,0.108,mg/L,0.0389,mg/L,,,,,,,,,60.0,mg/L,,
99,2014-07-02,0.021,mg/L,,,,,,,68.2,mg/L,,,,,4.09,mg/L,,,0.532,mg/L,,,,,,,,,0.0586,mg/L,0.139,mg/L,0.0628,mg/L,,,,,,,,,87.3016,mg/L,,
100,2014-07-08,0.045,mg/L,,,,,,,71.0,mg/L,,,,,4.12,mg/L,,,0.548,mg/L,,,,,,,,,0.0461,mg/L,0.184,mg/L,0.0543,mg/L,,,,,,,,,138.2979,mg/L,,
101,2014-07-09,0.136,mg/L,,,,,,,49.5,mg/L,,,,,9.004999999999999,mg/L,,,1.0819999999999999,mg/L,,,,,,,,,0.091,mg/L,0.4485,mg/L,0.1045,mg/L,,,,,,,,,694.6103499999999,mg/L,,
102,2014-07-11,0.076,mg/L,,,,,,,39.8,mg/L,,,,,5.96,mg/L,,,0.755,mg/L,,,,,,,,,0.0506,mg/L,0.0252,mg/L,0.0005,mg/L,,,,,,,,,314.5455,mg/L,,
103,2014-08-05,0.038,mg/L,,,,,,,60.2,mg/L,,,,,4.15,mg/L,,,0.567,mg/L,,,,,,,,,0.0561,mg/L,0.177,mg/L,0.0611,mg/L,,,,,,,,,137.2727,mg/L,,
104,2014-08-07,0.041,mg/L,,,,,,,56.0,mg/L,,,,,4.21,mg/L,,,0.685,mg/L,,,,,,,,,0.0501,mg/L,0.194,mg/L,0.0562,mg/L,,,,,,,,,183.0189,mg/L,,
105,2014-09-06,0.028,mg/L,,,,,,,79.5,mg/L,,,,,3.08,mg/L,,,0.543,mg/L,,,,,,,,,0.0568,mg/L,0.189,mg/L,0.0624,mg/L,,,,,,,,,252.5,mg/L,,
106,2014-09-07,0.049,mg/L,,,,,,,49.7,mg/L,,,,,2.59,mg/L,,,0.629,mg/L,,,,,,,,,0.0821,mg/L,0.393,mg/L,0.0869,mg/L,,,,,,,,,525.7143,mg/L,,
107,2014-09-08,0.088,mg/L,,,,,,,37.3,mg/L,,,,,1.45,mg/L,,,0.517,mg/L,,,,,,,,,0.067,mg/L,0.343,mg/L,0.0712,mg/L,,,,,,,,,335.8333,mg/L,,
108,2014-09-11,0.041,mg/L,,,,,,,35.0,mg/L,,,,,2.95,mg/L,,,0.626,mg/L,,,,,,,,,0.0859,mg/L,0.681,mg/L,0.0935,mg/L,,,,,,,,,,,,
109,2014-09-12,0.068,mg/L,,,,,,,30.6,mg/L,,,,,2.0,mg/L,,,0.71,mg/L,,,,,,,,,0.0881,mg/L,0.391,mg/L,0.0963,mg/L,,,,,,,,,345.5172,mg/L,,
110,2014-09-13,0.046,mg/L,,,,,,,25.9,mg/L,,,,,3.62,mg/L,,,0.721,mg/L,,,,,,,,,0.103,mg/L,0.188,mg/L,0.108,mg/L,,,,,,,,,480.0,mg/L,,
111,2014-09-14,0.035,mg/L,,,,,,,28.4,mg/L,,,,,4.13,mg/L,,,0.792,mg/L,,,,,,,,,0.118,mg/L,0.215,mg/L,0.123,mg/L,,,,,,,,,145.1429,mg/L,,
112,2014-10-05,0.013,mg/L,,,,,,,61.2,mg/L,,,,,3.615,mg/L,,,0.6175,mg/L,,,,,,,,,0.03375,mg/L,0.08410000000000001,mg/L,0.03975,mg/L,,,,,,,,,150.1,mg/L,,
113,2014-10-06,0.0205,mg/L,,,,,,,59.25,mg/L,,,,,3.4699999999999998,mg/L,,,0.618,mg/L,,,,,,,,,0.0446,mg/L,0.1565,mg/L,0.052250000000000005,mg/L,,,,,,,,,212.46665000000002,mg/L,,
114,2014-10-08,0.024,mg/L,,,,,,,42.150000000000006,mg/L,,,,,3.995,mg/L,,,0.6575,mg/L,,,,,,,,,0.0379,mg/L,0.127,mg/L,0.043899999999999995,mg/L,,,,,,,,,78.5441,mg/L,,
115,2014-10-09,0.019,mg/L,,,,,,,40.4,mg/L,,,,,4.74,mg/L,,,0.665,mg/L,,,,,,,,,0.0442,mg/L,0.14,mg/L,0.0505,mg/L,,,,,,,,,92.6829,mg/L,,
116,2014-10-10,0.022,mg/L,,,,,,,36.7,mg/L,,,,,4.75,mg/L,,,0.758,mg/L,,,,,,,,,0.0511,mg/L,0.154,mg/L,0.0576,mg/L,,,,,,,,,86.3636,mg/L,,
117,2014-10-16,0.018,mg/L,,,,,,,40.4,mg/L,,,,,3.57,mg/L,,,0.946,mg/L,,,,,,,,,0.0552,mg/L,0.194,mg/L,0.0653,mg/L,,,,,,,,,304.1176,mg/L,,
118,2014-10-18,0.011,mg/L,,,,,,,46.5,mg/L,,,,,3.67,mg/L,,,0.624,mg/L,,,,,,,,,0.0509,mg/L,0.182,mg/L,0.0572,mg/L,,,,,,,,,,,,
119,2014-10-19,0.006,mg/L,,,,,,,38.5,mg/L,,,,,4.47,mg/L,,,0.649,mg/L,,,,,,,,,0.0417,mg/L,0.117,mg/L,0.0483,mg/L,,,,,,,,,,,,
120,2014-10-20,0.014,mg/L,,,,,,,39.8,mg/L,,,,,4.58,mg/L,,,0.597,mg/L,,,,,,,,,0.0432,mg/L,0.0957,mg/L,0.0495,mg/L,,,,,,,,,70.2128,mg/L,,
121,2014-10-23,0.011,mg/L,,,,,,,41.7,mg/L,,,,,4.85,mg/L,,,0.639,mg/L,,,,,,,,,0.0369,mg/L,0.0897,mg/L,0.0439,mg/L,,,,,,,,,38.4615,mg/L,,
122,2014-10-25,0.006,mg/L,,,,,,,45.7,mg/L,,,,,4.92,mg/L,,,0.545,mg/L,,,,,,,,,0.0349,mg/L,0.0812,mg/L,0.0418,mg/L,,,,,,,,,32.2222,mg/L,,
123,2014-11-10,0.013,mg/L,,,,,,,58.0,mg/L,,,,,4.36,mg/L,,,0.59,mg/L,,,,,,,,,0.0378,mg/L,0.0933,mg/L,0.0459,mg/L,,,,,,,,,,,,
124,2014-11-23,0.005,mg/L,,,,,,,57.0,mg/L,,,,,4.84,mg/L,,,0.546,mg/L,,,,,,,,,0.011,mg/L,0.0297,mg/L,0.0179,mg/L,,,,,,,,,,,,
125,2014-11-24,0.007666666666666666,mg/L,,,,,,,55.06666666666666,mg/L,,,,,4.5633333333333335,mg/L,,,0.6356666666666666,mg/L,,,,,,,,,0.032600000000000004,mg/L,0.2890333333333333,mg/L,0.0384,mg/L,,,,,,,,,762.8571,mg/L,,
126,2014-11-25,0.03,mg/L,,,,,,,39.6,mg/L,,,,,4.95,mg/L,,,0.753,mg/L,,,,,,,,,0.0673,mg/L,0.346,mg/L,0.0733,mg/L,,,,,,,,,318.9474,mg/L,,
127,2014-11-26,0.077,mg/L,,,,,,,27.0,mg/L,,,,,5.38,mg/L,,,0.945,mg/L,,,,,,,,,0.166,mg/L,0.409,mg/L,0.167,mg/L,,,,,,,,,239.375,mg/L,,
128,2014-11-28,0.074,mg/L,,,,,,,31.8,mg/L,,,,,5.86,mg/L,,,0.901,mg/L,,,,,,,,,0.176,mg/L,0.303,mg/L,0.182,mg/L,,,,,,,,,87.1429,mg/L,,
129,2014-11-29,0.086,mg/L,,,,,,,36.9,mg/L,,,,,5.94,mg/L,,,0.901,mg/L,,,,,,,,,0.152,mg/L,0.25,mg/L,0.153,mg/L,,,,,,,,,63.2,mg/L,,
130,2014-11-30,0.077,mg/L,,,,,,,49.3,mg/L,,,,,6.0,mg/L,,,0.793,mg/L,,,,,,,,,0.129,mg/L,0.224,mg/L,0.132,mg/L,,,,,,,,,64.5,mg/L,,
131,2014-12-02,0.069,mg/L,,,,,,,73.9,mg/L,,,,,6.19,mg/L,,,0.718,mg/L,,,,,,,,,0.102,mg/L,0.144,mg/L,0.106,mg/L,,,,,,,,,,,,
132,2014-12-26,0.007,mg/L,,,,,,,51.8,mg/L,,,,,5.2,mg/L,,,0.908,mg/L,,,,,,,,,0.0952,mg/L,0.159,mg/L,0.112,mg/L,,,,,,,,,812.2222,mg/L,,
133,2014-12-28,0.087,mg/L,,,,,,,42.5,mg/L,,,,,6.32,mg/L,,,0.772,mg/L,,,,,,,,,0.0498,mg/L,0.104,mg/L,0.0584,mg/L,,,,,,,,,,,,
134,2015-01-04,0.036,mg/L,,,,,,,49.7,mg/L,,,,,6.6,mg/L,,,0.623,mg/L,,,,,,,,,0.0594,mg/L,0.0918,mg/L,0.0672,mg/L,,,,,,,,,,,,
135,2015-01-05,0.029,mg/L,,,,,,,42.7,mg/L,,,,,5.22,mg/L,,,0.751,mg/L,,,,,,,,,0.122,mg/L,0.225,mg/L,0.132,mg/L,,,,,,,,,133.9394,mg/L,,
136,2015-01-06,0.03,mg/L,,,,,,,102.25,mg/L,,,,,5.225,mg/L,,,0.6845,mg/L,,,,,,,,,0.091,mg/L,0.1375,mg/L,0.10039999999999999,mg/L,,,,,,,,,78.96135000000001,mg/L,,
137,2015-01-07,0.038500000000000006,mg/L,,,,,,,128.0,mg/L,,,,,4.46,mg/L,,,0.621,mg/L,,,,,,,,,0.05295,mg/L,0.076,mg/L,0.059550000000000006,mg/L,,,,,,,,,27.83335,mg/L,,
138,2015-01-13,0.103,mg/L,,,,,,,80.3,mg/L,,,,,7.09,mg/L,,,0.697,mg/L,,,,,,,,,0.0465,mg/L,0.118,mg/L,0.0548,mg/L,,,,,,,,,4.5714,mg/L,,
139,2015-01-14,0.059,mg/L,,,,,,,80.7,mg/L,,,,,7.0,mg/L,,,0.712,mg/L,,,,,,,,,0.0469,mg/L,0.0618,mg/L,0.0554,mg/L,,,,,,,,,5.8824,mg/L,,
140,2015-01-16,0.066,mg/L,,,,,,,81.5,mg/L,,,,,6.81,mg/L,,,0.636,mg/L,,,,,,,,,0.0454,mg/L,0.0757,mg/L,0.0679,mg/L,,,,,,,,,6.5,mg/L,,
141,2015-01-19,0.05,mg/L,,,,,,,101.0,mg/L,,,,,6.505,mg/L,,,0.5745,mg/L,,,,,,,,,0.04155,mg/L,0.057249999999999995,mg/L,0.0495,mg/L,,,,,,,,,6.8302499999999995,mg/L,,
142,2015-01-20,0.067,mg/L,,,,,,,92.5,mg/L,,,,,5.94,mg/L,,,0.661,mg/L,,,,,,,,,0.0439,mg/L,0.0604,mg/L,0.0516,mg/L,,,,,,,,,3.5484,mg/L,,
143,2015-01-23,0.121,mg/L,,,,,,,244.0,mg/L,,,,,5.87,mg/L,,,0.713,mg/L,,,,,,,,,0.0448,mg/L,0.0607,mg/L,0.0527,mg/L,,,,,,,,,11.5,mg/L,,
144,2015-02-09,0.064,mg/L,,,,,,,120.0,mg/L,,,,,6.44,mg/L,,,0.558,mg/L,,,,,,,,,0.0336,mg/L,0.0544,mg/L,0.0408,mg/L,,,,,,,,,12.3333,mg/L,,
145,2015-02-16,0.062,mg/L,,,,,,,162.0,mg/L,,,,,6.4,mg/L,,,0.583,mg/L,,,,,,,,,0.0252,mg/L,0.0449,mg/L,0.0303,mg/L,,,,,,,,,7.2222,mg/L,,
146,2015-03-09,0.073,mg/L,,,,,,,157.0,mg/L,,,,,6.16,mg/L,,,0.585,mg/L,,,,,,,,,0.028,mg/L,0.0524,mg/L,0.0388,mg/L,,,,,,,,,6.2,mg/L,,
147,2015-03-14,0.125,mg/L,,,,,,,229.0,mg/L,,,,,5.14,mg/L,,,0.82,mg/L,,,,,,,,,0.0318,mg/L,0.0741,mg/L,0.0425,mg/L,,,,,,,,,23.4,mg/L,,
148,2015-03-15,0.24,mg/L,,,,,,,181.0,mg/L,,,,,3.7,mg/L,,,1.3,mg/L,,,,,,,,,0.077,mg/L,0.176,mg/L,0.094,mg/L,,,,,,,,,148.1,mg/L,,
149,2015-03-16,0.328,mg/L,,,,,,,112.0,mg/L,,,,,2.68,mg/L,,,1.84,mg/L,,,,,,,,,0.164,mg/L,0.258,mg/L,0.186,mg/L,,,,,,,,,99.1,mg/L,,
150,2015-03-17,0.199,mg/L,,,,,,,116.0,mg/L,,,,,2.58,mg/L,,,0.914,mg/L,,,,,,,,,0.1,mg/L,0.202,mg/L,0.111,mg/L,,,,,,,,,92.7,mg/L,,
151,2015-03-18,0.338,mg/L,,,,,,,63.1,mg/L,,,,,2.44,mg/L,,,1.14,mg/L,,,,,,,,,0.148,mg/L,0.261,mg/L,0.183,mg/L,,,,,,,,,170.3,mg/L,,
152,2015-03-19,0.296,mg/L,,,,,,,57.95,mg/L,,,,,2.91,mg/L,,,0.968,mg/L,,,,,,,,,0.1265,mg/L,0.2785,mg/L,0.14,mg/L,,,,,,,,,597.3,mg/L,,
153,2015-03-20,0.281,mg/L,,,,,,,55.5,mg/L,,,,,2.88,mg/L,,,1.04,mg/L,,,,,,,,,0.121,mg/L,0.315,mg/L,0.131,mg/L,,,,,,,,,604.8,mg/L,,
154,2015-03-21,0.26,mg/L,,,,,,,56.2,mg/L,,,,,3.13,mg/L,,,0.998,mg/L,,,,,,,,,0.112,mg/L,0.253,mg/L,0.123,mg/L,,,,,,,,,247.4,mg/L,,
155,2015-03-23,0.197,mg/L,,,,,,,46.6,mg/L,,,,,3.65,mg/L,,,0.985,mg/L,,,,,,,,,0.118,mg/L,0.274,mg/L,0.125,mg/L,,,,,,,,,182.0,mg/L,,
156,2015-03-30,0.12,mg/L,,,,,,,45.6,mg/L,,,,,4.36,mg/L,,,0.762,mg/L,,,,,,,,,0.0808,mg/L,0.142,mg/L,0.0898,mg/L,,,,,,,,,33.8,mg/L,,
157,2015-04-01,0.059,mg/L,,,,,,,54.1,mg/L,,,,,4.53,mg/L,,,0.652,mg/L,,,,,,,,,0.0576,mg/L,0.101,mg/L,0.0666,mg/L,,,,,,,,,54.8,mg/L,,
158,2015-04-02,0.074,mg/L,,,,,,,56.5,mg/L,,,,,4.55,mg/L,,,0.644,mg/L,,,,,,,,,0.0542,mg/L,0.123,mg/L,0.0626,mg/L,,,,,,,,,185.8,mg/L,,
159,2015-04-04,0.108,mg/L,,,,,,,40.1,mg/L,,,,,4.48,mg/L,,,0.852,mg/L,,,,,,,,,0.064,mg/L,0.201,mg/L,0.0704,mg/L,,,,,,,,,233.0,mg/L,,
160,2015-04-05,0.077,mg/L,,,,,,,37.4,mg/L,,,,,4.64,mg/L,,,0.748,mg/L,,,,,,,,,0.0684,mg/L,0.156,mg/L,0.0756,mg/L,,,,,,,,,1026.0,mg/L,,
161,2015-04-06,0.056,mg/L,,,,,,,34.2,mg/L,,,,,5.04,mg/L,,,0.71,mg/L,,,,,,,,,0.0704,mg/L,0.152,mg/L,0.0786,mg/L,,,,,,,,,452.0,mg/L,,
162,2015-04-07,0.054,mg/L,,,,,,,35.5,mg/L,,,,,5.18,mg/L,,,0.677,mg/L,,,,,,,,,0.0669,mg/L,0.131,mg/L,0.0755,mg/L,,,,,,,,,82.9,mg/L,,
163,2015-04-10,0.065,mg/L,,,,,,,40.3,mg/L,,,,,5.03,mg/L,,,0.812,mg/L,,,,,,,,,0.046,mg/L,0.365,mg/L,0.0512,mg/L,,,,,,,,,501.1,mg/L,,
164,2015-04-12,0.08,mg/L,,,,,,,30.7,mg/L,,,,,5.92,mg/L,,,0.892,mg/L,,,,,,,,,0.0011,mg/L,0.259,mg/L,0.0828,mg/L,,,,,,,,,373.0,mg/L,,
165,2015-04-13,0.069,mg/L,,,,,,,35.2,mg/L,,,,,6.18,mg/L,,,0.915,mg/L,,,,,,,,,0.0725,mg/L,0.184,mg/L,0.0792,mg/L,,,,,,,,,181.5,mg/L,,
166,2015-04-14,0.006,mg/L,,,,,,,38.5,mg/L,,,,,6.56,mg/L,,,0.71,mg/L,,,,,,,,,0.0605,mg/L,0.143,mg/L,0.0699,mg/L,,,,,,,,,138.9,mg/L,,
167,2015-04-16,0.05,mg/L,,,,,,,53.1,mg/L,,,,,6.08,mg/L,,,0.667,mg/L,,,,,,,,,0.0517,mg/L,0.117,mg/L,0.0613,mg/L,,,,,,,,,104.3,mg/L,,
168,2015-04-20,0.023,mg/L,,,,,,,60.4,mg/L,,,,,5.84,mg/L,,,0.537,mg/L,,,,,,,,,0.0318,mg/L,0.0902,mg/L,0.039,mg/L,,,,,,,,,80.0,mg/L,,
169,2015-04-21,0.034,mg/L,,,,,,,52.9,mg/L,,,,,5.16,mg/L,,,1.08,mg/L,,,,,,,,,0.0359,mg/L,0.237,mg/L,0.0421,mg/L,,,,,,,,,327.0,mg/L,,
170,2015-04-22,0.036,mg/L,,,,,,,77.0,mg/L,,,,,4.56,mg/L,,,0.581,mg/L,,,,,,,,,0.023,mg/L,0.118,mg/L,0.0286,mg/L,,,,,,,,,118.4,mg/L,,
171,2015-05-19,0.026,mg/L,,,,,,,86.3,mg/L,,,,,3.84,mg/L,,,0.563,mg/L,,,,,,,,,0.0008,mg/L,0.0415,mg/L,0.01,mg/L,,,,,,,,,31.2,mg/L,,
172,2015-05-25,0.014,mg/L,,,,,,,96.9,mg/L,,,,,3.82,mg/L,,,0.603,mg/L,,,,,,,,,0.004,mg/L,0.0557,mg/L,0.011,mg/L,,,,,,,,,25.2,mg/L,,
173,2015-05-31,0.0725,mg/L,,,,,,,92.25,mg/L,,,,,3.96,mg/L,,,0.643,mg/L,,,,,,,,,0.02655,mg/L,0.07635,mg/L,0.0356,mg/L,,,,,,,,,48.1,mg/L,,
174,2015-06-01,0.324,mg/L,,,,,,,72.35,mg/L,,,,,9.925,mg/L,,,1.385,mg/L,,,,,,,,,0.0562,mg/L,0.365,mg/L,0.06285,mg/L,,,,,,,,,796.25,mg/L,,
175,2015-06-08,0.026,mg/L,,,,,,,67.6,mg/L,,,,,10.1,mg/L,,,0.669,mg/L,,,,,,,,,0.0262,mg/L,0.0808,mg/L,0.0337,mg/L,,,,,,,,,76.9,mg/L,,
176,2015-06-10,0.068,mg/L,,,,,,,64.0,mg/L,,,,,11.5,mg/L,,,1.4,mg/L,,,,,,,,,0.0402,mg/L,0.393,mg/L,0.05,mg/L,,,,,,,,,877.7,mg/L,,
177,2015-06-11,0.114,mg/L,,,,,,,34.7,mg/L,,,,,14.1,mg/L,,,1.05,mg/L,,,,,,,,,0.0651,mg/L,0.22,mg/L,0.0693,mg/L,,,,,,,,,242.9,mg/L,,
178,2015-06-12,0.079,mg/L,,,,,,,32.8,mg/L,,,,,15.6,mg/L,,,1.17,mg/L,,,,,,,,,0.0916,mg/L,0.172,mg/L,0.101,mg/L,,,,,,,,,112.0,mg/L,,
179,2015-06-15,0.016,mg/L,,,,,,,44.2,mg/L,,,,,12.55,mg/L,,,0.808,mg/L,,,,,,,,,0.058050000000000004,mg/L,0.152,mg/L,0.06575,mg/L,,,,,,,,,121.4,mg/L,,
180,2015-06-16,0.017,mg/L,,,,,,,42.6,mg/L,,,,,12.4,mg/L,,,0.805,mg/L,,,,,,,,,0.0678,mg/L,0.239,mg/L,0.0772,mg/L,,,,,,,,,220.8,mg/L,,
181,2015-06-17,0.015,mg/L,,,,,,,55.3,mg/L,,,,,9.38,mg/L,,,0.667,mg/L,,,,,,,,,0.0452,mg/L,0.169,mg/L,0.0532,mg/L,,,,,,,,,164.7,mg/L,,
182,2015-06-24,0.048,mg/L,,,,,,,54.4,mg/L,,,,,6.28,mg/L,,,0.66,mg/L,,,,,,,,,0.0357,mg/L,0.118,mg/L,0.0421,mg/L,,,,,,,,,3104.3,mg/L,,
183,2015-06-28,0.097,mg/L,,,,,,,43.2,mg/L,,,,,7.56,mg/L,,,0.944,mg/L,,,,,,,,,0.0599,mg/L,0.148,mg/L,0.071,mg/L,,,,,,,,,747.5,mg/L,,
184,2015-06-29,0.2495,mg/L,,,,,,,38.0,mg/L,,,,,9.71,mg/L,,,1.69,mg/L,,,,,,,,,0.10450000000000001,mg/L,0.39249999999999996,mg/L,0.108,mg/L,,,,,,,,,912.8,mg/L,,
185,2015-07-13,0.02,mg/L,,,,,,,57.2,mg/L,,,,,5.44,mg/L,,,0.577,mg/L,,,,,,,,,0.0255,mg/L,0.0996,mg/L,0.0294,mg/L,,,,,,,,,103.6,mg/L,,
186,2015-07-20,0.014,mg/L,,,,,,,61.6,mg/L,,,,,5.26,mg/L,,,0.605,mg/L,,,,,,,,,0.024,mg/L,0.09,mg/L,0.0301,mg/L,,,,,,,,,98.1,mg/L,,
187,2015-07-27,0.0315,mg/L,,,,,,,68.55,mg/L,,,,,4.45,mg/L,,,0.5814999999999999,mg/L,,,,,,,,,0.0397,mg/L,0.1335,mg/L,0.04675,mg/L,,,,,,,,,121.44999999999999,mg/L,,
188,2015-08-04,0.036,mg/L,,,,,,,91.6,mg/L,,,,,2.72,mg/L,,,0.556,mg/L,,,,,,,,,0.0011,mg/L,0.0794,mg/L,0.0091,mg/L,,,,,,,,,110.2,mg/L,,
189,2015-08-10,0.038,mg/L,,,,,,,90.8,mg/L,,,,,2.96,mg/L,,,0.575,mg/L,,,,,,,,,0.0032,mg/L,0.0462,mg/L,0.0088,mg/L,,,,,,,,,45.1,mg/L,,
190,2015-08-17,0.024,mg/L,,,,,,,93.2,mg/L,,,,,2.74,mg/L,,,0.536,mg/L,,,,,,,,,0.0013,mg/L,0.049,mg/L,0.0079,mg/L,,,,,,,,,129.2,mg/L,,
191,2015-08-24,0.046,mg/L,,,,,,,100.0,mg/L,,,,,2.85,mg/L,,,0.651,mg/L,,,,,,,,,0.0006,mg/L,0.0836,mg/L,0.0093,mg/L,,,,,,,,,73.0,mg/L,,
192,2015-08-31,0.065,mg/L,,,,,,,86.8,mg/L,,,,,2.48,mg/L,,,0.563,mg/L,,,,,,,,,0.0391,mg/L,0.119,mg/L,0.0509,mg/L,,,,,,,,,88.0,mg/L,,
193,2015-09-08,0.044,mg/L,,,,,,,102.0,mg/L,,,,,3.085,mg/L,,,0.651,mg/L,,,,,,,,,0.06125,mg/L,0.149,mg/L,0.0692,mg/L,,,,,,,,,132.39999999999998,mg/L,,
194,2015-09-14,0.031,mg/L,,,,,,,78.8,mg/L,,,,,2.75,mg/L,,,0.601,mg/L,,,,,,,,,0.0735,mg/L,0.17,mg/L,0.08,mg/L,,,,,,,,,206.5,mg/L,,
195,2015-09-21,0.022,mg/L,,,,,,,94.3,mg/L,,,,,3.32,mg/L,,,0.594,mg/L,,,,,,,,,0.0531,mg/L,0.133,mg/L,0.0679,mg/L,,,,,,,,,97.3,mg/L,,
196,2015-09-28,0.026,mg/L,,,,,,,105.0,mg/L,,,,,3.66,mg/L,,,0.566,mg/L,,,,,,,,,0.0377,mg/L,0.108,mg/L,0.0438,mg/L,,,,,,,,,89.1,mg/L,,
197,2016-06-22,0.019,mg/L,37.1,mg/L,4.5,mg/L,,,97.9,mg/L,10.1,µg/L,7.2,µg/L,2.96,mg/L,,,,,,,3.1,mg/L,,,,,0.0022,mg/L,0.0567,mg/L,0.0082,mg/L,,,,,1.78,mg/L,746.0,µS/cm,57.2,mg/L,51.5,NTU
198,2016-07-11,0.043,mg/L,,,,,,,103.0,mg/L,3.0,µg/L,1.4,µg/L,3.44,mg/L,,,0.523,mg/L,,,,,,,,,0.0321,mg/L,0.109,mg/L,0.0381,mg/L,,,,,,,,,96.34,mg/L,,
199,2016-07-25,0.0375,mg/L,,,,,,,98.19999999999999,mg/L,86.1,µg/L,84.1,µg/L,0.38449999999999995,mg/L,,,0.5535000000000001,mg/L,,,,,,,,,0.00165,mg/L,0.129,mg/L,0.009049999999999999,mg/L,,,,,,,,,138.33499999999998,mg/L,,
200,2016-08-08,0.020999999999999998,mg/L,,,,,,,62.0,mg/L,12.5,µg/L,8.7,µg/L,1.27,mg/L,,,0.403,mg/L,,,,,,,,,0.00465,mg/L,0.09570000000000001,mg/L,0.0103,mg/L,,,,,,,,,94.685,mg/L,,
201,2016-08-17,0.178,mg/L,,,,,,,52.2,mg/L,16.7,µg/L,11.6,µg/L,1.69,mg/L,,,0.614,mg/L,,,,,,,,,0.0788,mg/L,0.217,mg/L,0.0823,mg/L,,,,,,,,,164.0,mg/L,,
202,2016-08-22,0.055,mg/L,,,,,,,77.25,mg/L,25.2,µg/L,16.0,µg/L,2.09,mg/L,,,0.496,mg/L,,,,,,,,,0.051250000000000004,mg/L,0.14250000000000002,mg/L,0.057050000000000003,mg/L,,,,,,,,,145.73499999999999,mg/L,,
203,2016-08-23,0.032,mg/L,,,,,,,78.4,mg/L,,,,,2.31,mg/L,,,,,,,,,,,,,0.0473,mg/L,0.188,mg/L,0.0524,mg/L,,,,,,,,,171.67,mg/L,,
204,2016-08-24,0.037,mg/L,,,,,,,84.8,mg/L,,,,,2.51,mg/L,,,,,,,,,,,,,0.0557,mg/L,0.204,mg/L,0.0627,mg/L,,,,,,,,,193.33,mg/L,,
205,2016-08-25,0.032,mg/L,,,,,,,81.8,mg/L,,,,,2.39,mg/L,,,,,,,,,,,,,0.0634,mg/L,0.212,mg/L,0.066,mg/L,,,,,,,,,186.0,mg/L,,
206,2016-08-26,0.034,mg/L,,,,,,,87.9,mg/L,,,,,2.31,mg/L,,,,,,,,,,,,,0.0534,mg/L,0.22,mg/L,0.0582,mg/L,,,,,,,,,210.33,mg/L,,
207,2016-08-29,0.047,mg/L,,,,,,,52.3,mg/L,19.9,µg/L,13.0,µg/L,2.81,mg/L,,,0.594,mg/L,,,,,,,,,0.0561,mg/L,0.2205,mg/L,0.061649999999999996,mg/L,,,,,,,,,220.94,mg/L,,
208,2016-08-31,0.024,mg/L,,,,,,,55.3,mg/L,,,,,4.14,mg/L,,,,,,,,,,,,,0.0628,mg/L,0.194,mg/L,0.0673,mg/L,,,,,,,,,151.9,mg/L,,
209,2016-09-01,0.027,mg/L,,,,,,,63.2,mg/L,,,,,3.73,mg/L,,,,,,,,,,,,,0.0529,mg/L,0.168,mg/L,0.0574,mg/L,,,,,,,,,152.78,mg/L,,
210,2016-09-06,0.016,mg/L,,,,,,,87.45,mg/L,37.4,µg/L,27.5,µg/L,2.78,mg/L,,,0.55,mg/L,,,,,,,,,0.012199999999999999,mg/L,0.11099999999999999,mg/L,0.018250000000000002,mg/L,,,,,,,,,110.19,mg/L,,
211,2016-09-12,0.065,mg/L,,,,,,,98.4,mg/L,,,,,2.04,mg/L,,,,,,,,,,,,,0.0007,mg/L,0.158,mg/L,0.0084,mg/L,,,,,,,,,173.94,mg/L,,
212,2016-09-19,0.015,mg/L,,,,,,,98.2,mg/L,62.4,µg/L,56.5,µg/L,2.73,mg/L,,,0.531,mg/L,,,,,,,,,0.0211,mg/L,0.146,mg/L,0.0283,mg/L,,,,,,,,,154.0,mg/L,,
213,2016-10-03,0.035,mg/L,,,,,,,102.0,mg/L,1.6,µg/L,0.8,µg/L,4.1,mg/L,,,0.634,mg/L,,,,,,,,,0.0578,mg/L,0.126,mg/L,0.0654,mg/L,,,,,,,,,134.62,mg/L,,
214,2016-10-11,0.014,mg/L,,,,,,,81.3,mg/L,,,,,3.03,mg/L,,,0.498,mg/L,,,,,,,,,0.027,mg/L,0.109,mg/L,0.0318,mg/L,,,,,,,,,7.37,mg/L,,
215,2016-10-12,0.005,mg/L,,,,,,,0.02,mg/L,,,,,0.006,mg/L,,,0.014,mg/L,,,,,,,,,0.0006,mg/L,0.0009,mg/L,0.0009,mg/L,,,,,,,,,0.0,mg/L,,
216,2016-10-17,0.0115,mg/L,,,,,,,100.45,mg/L,12.1,µg/L,10.9,µg/L,4.1,mg/L,,,0.5965,mg/L,,,,,,,,,0.017,mg/L,0.10830000000000001,mg/L,0.02005,mg/L,,,,,,,,,73.4,mg/L,,
217,2016-10-18,0.006,mg/L,,,,,,,0.01,mg/L,,,,,0.007,mg/L,,,0.017,mg/L,,,,,,,,,0.0004,mg/L,0.0005,mg/L,0.0007,mg/L,,,,,,,,,0.2,mg/L,,
218,2016-10-31,0.0405,mg/L,,,,,,,79.3,mg/L,1.8,µg/L,1.5,µg/L,2.1865,mg/L,,,0.726,mg/L,,,,,,,,,0.07785,mg/L,0.1395,mg/L,0.08549999999999999,mg/L,,,,,,,,,35.0,mg/L,,
219,2016-11-01,0.005,mg/L,,,,,,,0.18,mg/L,,,,,0.013,mg/L,,,0.022,mg/L,,,,,,,,,0.0008,mg/L,0.0005,mg/L,0.0022,mg/L,,,,,,,,,0.4,mg/L,,
220,2016-11-14,0.009,mg/L,,,,,,,88.85,mg/L,4.9,µg/L,4.1,µg/L,7.63,mg/L,,,0.586,mg/L,,,,,,,,,0.017,mg/L,0.05105,mg/L,0.0277,mg/L,,,,,,,,,19.314999999999998,mg/L,,
221,2016-11-15,0.005,mg/L,,,,,,,0.23,mg/L,,,,,0.019,mg/L,,,0.014,mg/L,,,,,,,,,0.0003,mg/L,0.0021000000000000003,mg/L,,,,,,,,,,,0.2,mg/L,,
222,2016-11-28,0.009666666666666667,mg/L,,,,,,,87.00999999999999,mg/L,6.4,µg/L,5.3,µg/L,3.2016666666666667,mg/L,,,0.38400000000000006,mg/L,,,,,,,,,0.003466666666666667,mg/L,0.029800000000000004,mg/L,0.012133333333333335,mg/L,,,,,,,,,11.816666666666668,mg/L,,
223,2016-12-12,0.037,mg/L,,,,,,,83.6,mg/L,5.7,µg/L,4.3,µg/L,6.05,mg/L,,,0.54,mg/L,,,,,,,,,0.018,mg/L,0.0516,mg/L,0.0264,mg/L,,,,,,,,,14.5,mg/L,,
224,2016-12-20,0.029500000000000002,mg/L,,,,,,,58.005,mg/L,,,,,3.3485,mg/L,,,0.338,mg/L,,,,,,,,,0.0072499999999999995,mg/L,0.0205,mg/L,0.01395,mg/L,,,,,,,,,11.79,mg/L,,
225,2016-12-25,0.018,mg/L,,,,,,,126.0,mg/L,,,,,7.02,mg/L,,,0.483,mg/L,,,,,,,,,0.0095,mg/L,0.0243,mg/L,0.0164,mg/L,,,,,,,,,4.0,mg/L,,
226,2017-01-04,0.016,mg/L,,,,,,,0.03,mg/L,,,,,0.007,mg/L,,,0.022,mg/L,,,,,,,,,0.0005,mg/L,0.0005,mg/L,0.0005,mg/L,,,,,,,,,0.2,mg/L,,
227,2017-01-09,0.04833333333333334,mg/L,,,,,,,40.60666666666666,mg/L,1.6,µg/L,0.6,µg/L,7.470666666666666,mg/L,,,0.44366666666666665,mg/L,,,,,,,,,0.04963333333333333,mg/L,0.0685,mg/L,0.05266666666666667,mg/L,,,,,,,,,10.299999999999999,mg/L,,
228,2017-01-16,0.078,mg/L,,,,,,,35.5,mg/L,,,,,7.07,mg/L,,,0.68,mg/L,,,,,,,,,0.128,mg/L,0.209,mg/L,0.13,mg/L,,,,,,,,,93.71,mg/L,,
229,2017-01-17,0.007,mg/L,,,,,,,0.02,mg/L,,,,,0.009,mg/L,,,0.014,mg/L,,,,,,,,,0.0002,mg/L,0.0005,mg/L,0.0005,mg/L,,,,,,,,,-0.2,mg/L,,
230,2017-01-23,0.04566666666666667,mg/L,,,,,,,38.16666666666667,mg/L,4.5,µg/L,1.1,µg/L,5.373333333333334,mg/L,,,0.45199999999999996,mg/L,,,,,,,,,0.04053333333333333,mg/L,0.08783333333333333,mg/L,0.04406666666666667,mg/L,,,,,,,,,60.73,mg/L,,
231,2017-01-26,0.032,mg/L,,,,,,,43.0,mg/L,,,,,9.34,mg/L,,,0.135,mg/L,,,,,,,,,0.0591,mg/L,0.108,mg/L,0.0667,mg/L,,,,,,,,,47.27,mg/L,,
232,2017-01-30,0.038,mg/L,,,,,,,60.0,mg/L,,,,,9.21,mg/L,,,0.555,mg/L,,,,,,,,,0.0421,mg/L,0.0686,mg/L,0.046,mg/L,,,,,,,,,28.75,mg/L,,
233,2017-01-31,0.006,mg/L,,,,,,,0.01,mg/L,,,,,0.007,mg/L,,,0.049,mg/L,,,,,,,,,0.0005,mg/L,0.0005,mg/L,0.0005,mg/L,,,,,,,,,0.73,mg/L,,
234,2017-02-02,0.061,mg/L,,,,,,,77.5,mg/L,,,,,8.7,mg/L,,,0.533,mg/L,,,,,,,,,0.0371,mg/L,0.0638,mg/L,0.04,mg/L,,,,,,,,,27.95,mg/L,,
235,2017-02-06,0.04,mg/L,,,,,,,52.505,mg/L,,,,,4.1705,mg/L,,,0.3095,mg/L,,,,,,,,,0.017400000000000002,mg/L,0.028999999999999998,mg/L,0.01965,mg/L,,,,,,,,,27.84,mg/L,,
236,2017-02-09,0.084,mg/L,,,,,,,63.0,mg/L,,,,,6.29,mg/L,,,0.726,mg/L,,,,,,,,,0.0771,mg/L,0.309,mg/L,0.0801,mg/L,,,,,,,,,308.18,mg/L,,
237,2017-02-13,0.03733333333333333,mg/L,,,,,,,42.50333333333333,mg/L,2.1,µg/L,1.0,µg/L,5.460999999999999,mg/L,,,0.4123333333333334,mg/L,,,,,,,,,0.029633333333333334,mg/L,0.0578,mg/L,0.0331,mg/L,,,,,,,,,29.043333333333333,mg/L,,
238,2017-02-16,0.025,mg/L,,,,,,,110.0,mg/L,,,,,7.76,mg/L,,,0.466,mg/L,,,,,,,,,0.0273,mg/L,0.0694,mg/L,0.0343,mg/L,,,,,,,,,48.0,mg/L,,
239,2017-02-21,0.0185,mg/L,,,,,,,40.805,mg/L,,,,,3.938,mg/L,,,0.245,mg/L,,,,,,,,,0.011550000000000001,mg/L,0.04575,mg/L,0.0137,mg/L,,,,,,,,,43.385,mg/L,,
240,2017-02-23,0.024,mg/L,,,,,,,57.6,mg/L,,,,,8.33,mg/L,,,0.528,mg/L,,,,,,,,,0.0249,mg/L,0.0701,mg/L,0.0289,mg/L,,,,,,,,,63.41,mg/L,,
241,2017-02-27,0.0225,mg/L,,,,,,,26.755,mg/L,,,,,4.3125,mg/L,,,0.315,mg/L,,,,,,,,,0.015899999999999997,mg/L,0.05175,mg/L,0.0185,mg/L,,,,,,,,,97.46000000000001,mg/L,,
242,2017-03-02,0.062,mg/L,,,,,,,41.9,mg/L,,,,,6.19,mg/L,,,0.815,mg/L,,,,,,,,,0.0657,mg/L,0.642,mg/L,0.0744,mg/L,,,,,,,,,385.22,mg/L,,
243,2017-03-06,0.031,mg/L,,,,,,,27.96,mg/L,,,,,3.539,mg/L,,,0.354,mg/L,,,,,,,,,0.029500000000000002,mg/L,0.07625,mg/L,0.0366,mg/L,,,,,,,,,26.71,mg/L,,
244,2017-03-09,0.108,mg/L,,,,,,,84.2,mg/L,,,,,6.63,mg/L,,,0.652,mg/L,,,,,,,,,0.0463,mg/L,0.168,mg/L,0.0514,mg/L,,,,,,,,,88.44,mg/L,,
245,2017-03-13,0.07200000000000001,mg/L,,,,,,,29.565,mg/L,,,,,3.7745,mg/L,,,0.3895,mg/L,,,,,,,,,0.01565,mg/L,0.03745,mg/L,0.018600000000000002,mg/L,,,,,,,,,13.65,mg/L,,
246,2017-03-16,0.142,mg/L,,,,,,,76.2,mg/L,,,,,7.74,mg/L,,,0.682,mg/L,,,,,,,,,0.0275,mg/L,0.0696,mg/L,0.0342,mg/L,,,,,,,,,24.41,mg/L,,
247,2017-03-18,0.177,mg/L,,,,,,,89.4,mg/L,,,,,7.55,mg/L,,,0.727,mg/L,,,,,,,,,0.0276,mg/L,0.0653,mg/L,0.0347,mg/L,,,,,,,,,30.45,mg/L,,
248,2017-03-19,0.226,mg/L,,,,,,,98.3,mg/L,,,,,7.54,mg/L,,,0.74,mg/L,,,,,,,,,0.0201,mg/L,0.0636,mg/L,0.0273,mg/L,,,,,,,,,31.67,mg/L,,
249,2017-03-20,0.19,mg/L,,,,,,,103.85,mg/L,3.6,µg/L,3.2,µg/L,7.365,mg/L,,,0.6785,mg/L,,,,,,,,,0.02005,mg/L,0.0527,mg/L,0.027549999999999998,mg/L,,,,,,,,,29.52,mg/L,,
250,2017-03-21,0.0535,mg/L,,,,,,,51.01,mg/L,,,,,3.608,mg/L,,,0.306,mg/L,,,,,,,,,0.011200000000000002,mg/L,0.0325,mg/L,0.01495,mg/L,,,,,,,,,20.0,mg/L,,
251,2017-03-23,0.176,mg/L,,,,,,,82.6,mg/L,,,,,7.09,mg/L,,,0.668,mg/L,,,,,,,,,0.0152,mg/L,0.038,mg/L,0.0216,mg/L,,,,,,,,,44.0,mg/L,,
252,2017-03-24,0.061,mg/L,,,,,,,87.4,mg/L,,,,,6.88,mg/L,,,0.567,mg/L,,,,,,,,,0.0139,mg/L,0.0358,mg/L,0.0189,mg/L,,,,,,,,,31.33,mg/L,,
253,2017-03-25,0.043,mg/L,,,,,,,84.3,mg/L,,,,,6.8,mg/L,,,0.593,mg/L,,,,,,,,,0.0111,mg/L,0.0332,mg/L,0.0169,mg/L,,,,,,,,,55.26,mg/L,,
254,2017-03-26,0.02,mg/L,,,,,,,76.7,mg/L,,,,,6.71,mg/L,,,0.564,mg/L,,,,,,,,,0.0136,mg/L,0.0417,mg/L,0.0199,mg/L,,,,,,,,,93.09,mg/L,,
255,2017-03-27,0.0295,mg/L,,,,,,,32.655,mg/L,,,,,3.1984999999999997,mg/L,,,0.34600000000000003,mg/L,,,,,,,,,0.0139,mg/L,0.057550000000000004,mg/L,0.01795,mg/L,,,,,,,,,68.745,mg/L,,
256,2017-03-28,0.008,mg/L,,,,,,,73.2,mg/L,,,,,6.35,mg/L,,,0.573,mg/L,,,,,,,,,0.0225,mg/L,0.0679,mg/L,0.0317,mg/L,,,,,,,,,88.07,mg/L,,
257,2017-03-29,0.013,mg/L,,,,,,,69.7,mg/L,,,,,6.63,mg/L,,,0.51,mg/L,,,,,,,,,0.0132,mg/L,0.0949,mg/L,0.0212,mg/L,,,,,,,,,62.0,mg/L,,
258,2017-03-30,0.012,mg/L,,,,,,,64.0,mg/L,,,,,7.23,mg/L,,,0.494,mg/L,,,,,,,,,0.0109,mg/L,0.0981,mg/L,0.0235,mg/L,,,,,,,,,78.31,mg/L,,
259,2017-03-31,0.043,mg/L,,,,,,,32.6,mg/L,,,,,4.93,mg/L,,,0.758,mg/L,,,,,,,,,0.0772,mg/L,0.818,mg/L,0.0788,mg/L,,,,,,,,,843.53,mg/L,,
260,2017-04-01,0.131,mg/L,,,,,,,63.3,mg/L,,,,,4.96,mg/L,,,0.735,mg/L,,,,,,,,,0.0448,mg/L,0.293,mg/L,0.0548,mg/L,,,,,,,,,,,,
261,2017-04-02,0.053,mg/L,,,,,,,47.8,mg/L,,,,,6.98,mg/L,,,0.648,mg/L,,,,,,,,,0.0412,mg/L,0.204,mg/L,0.0491,mg/L,,,,,,,,,,,,
262,2017-04-03,0.005,mg/L,,,,,,,0.01,mg/L,,,,,0.006,mg/L,,,0.014,mg/L,,,,,,,,,0.0002,mg/L,0.0005,mg/L,0.0008,mg/L,,,,,,,,,,,,
263,2017-04-04,0.046,mg/L,,,,,,,52.95,mg/L,4.2,µg/L,2.9,µg/L,6.985,mg/L,,,0.6020000000000001,mg/L,,,,,,,,,0.0281,mg/L,0.0969,mg/L,0.0346,mg/L,,,,,,,,,79.0,mg/L,,
264,2017-04-05,0.034,mg/L,,,,,,,52.8,mg/L,,,,,6.52,mg/L,,,0.6,mg/L,,,,,,,,,0.0231,mg/L,0.222,mg/L,0.03,mg/L,,,,,,,,,,,,
265,2017-04-06,0.053,mg/L,,,,,,,64.0,mg/L,,,,,6.47,mg/L,,,0.628,mg/L,,,,,,,,,0.0206,mg/L,0.157,mg/L,0.0265,mg/L,,,,,,,,,,,,
266,2017-04-07,0.03,mg/L,,,,,,,52.6,mg/L,,,,,6.46,mg/L,,,0.668,mg/L,,,,,,,,,0.0287,mg/L,0.139,mg/L,0.0356,mg/L,,,,,,,,,,,,
267,2017-04-08,0.03,mg/L,,,,,,,52.2,mg/L,,,,,5.92,mg/L,,,0.615,mg/L,,,,,,,,,0.0297,mg/L,0.272,mg/L,0.0362,mg/L,,,,,,,,,,,,
268,2017-04-10,0.0185,mg/L,,,,,,,21.01,mg/L,,,,,3.6774999999999998,mg/L,,,0.312,mg/L,,,,,,,,,0.0167,mg/L,0.08615,mg/L,0.020399999999999998,mg/L,,,,,,,,,,,,
269,2017-04-11,0.017,mg/L,,,,,,,61.8,mg/L,,,,,6.89,mg/L,,,0.524,mg/L,,,,,,,,,0.0008,mg/L,0.0473,mg/L,0.0077,mg/L,,,,,,,,,,,,
270,2017-04-18,0.006666666666666667,mg/L,,,,,,,42.13666666666666,mg/L,52.9,µg/L,47.6,µg/L,4.18,mg/L,,,0.36766666666666675,mg/L,,,,,,,,,0.0005333333333333333,mg/L,0.03303333333333333,mg/L,0.0049,mg/L,,,,,,,,,45.48,mg/L,,
271,2017-04-19,0.022,mg/L,,,,,,,66.1,mg/L,,,,,5.96,mg/L,,,0.517,mg/L,,,,,,,,,0.0011,mg/L,0.0257,mg/L,0.0076,mg/L,,,,,,,,,,,,
272,2017-04-20,0.023,mg/L,,,,,,,64.6,mg/L,,,,,5.88,mg/L,,,0.517,mg/L,,,,,,,,,0.0008,mg/L,0.0257,mg/L,0.0118,mg/L,,,,,,,,,,,,
273,2017-04-21,0.018,mg/L,,,,,,,62.5,mg/L,,,,,5.59,mg/L,,,0.577,mg/L,,,,,,,,,0.0016,mg/L,0.0585,mg/L,0.0101,mg/L,,,,,,,,,,,,
274,2017-04-22,0.107,mg/L,,,,,,,59.0,mg/L,,,,,4.44,mg/L,,,0.733,mg/L,,,,,,,,,0.0165,mg/L,0.109,mg/L,0.0251,mg/L,,,,,,,,,,,,
275,2017-04-23,0.138,mg/L,,,,,,,34.0,mg/L,,,,,5.72,mg/L,,,0.846,mg/L,,,,,,,,,0.0458,mg/L,0.259,mg/L,0.0542,mg/L,,,,,,,,,,,,
276,2017-04-24,0.055,mg/L,,,,,,,18.855,mg/L,,,,,3.2175,mg/L,,,0.441,mg/L,,,,,,,,,0.02,mg/L,0.0955,mg/L,0.02445,mg/L,,,,,,,,,,,,
277,2017-04-30,0.005,mg/L,,,,,,,55.6,mg/L,,,,,5.99,mg/L,,,0.658,mg/L,,,,,,,,,0.0012,mg/L,0.066,mg/L,0.0066,mg/L,,,,,,,,,,,,
278,2017-05-01,0.005,mg/L,,,,,,,28.055,mg/L,,,,,2.9875,mg/L,,,0.2895,mg/L,,,,,,,,,0.0006500000000000001,mg/L,0.0298,mg/L,0.0049,mg/L,,,,,,,,,,,,
279,2017-05-02,0.10300000000000002,mg/L,,,,,,,28.040000000000003,mg/L,15.600000000000001,µg/L,12.600000000000001,µg/L,3.4616666666666664,mg/L,,,0.6673333333333332,mg/L,,,,,,,,,0.027933333333333334,mg/L,0.26043333333333335,mg/L,0.03606666666666667,mg/L,,,,,,,,,238.795,mg/L,,
280,2017-05-05,0.0475,mg/L,,,,,,,33.95,mg/L,,,,,5.869999999999999,mg/L,,,0.7415,mg/L,,,,,,,,,0.030100000000000002,mg/L,0.2555,mg/L,0.0383,mg/L,,,,,,,,,206.42,mg/L,,
281,2017-05-06,0.082,mg/L,,,,,,,25.9,mg/L,,,,,4.46,mg/L,,,0.746,mg/L,,,,,,,,,0.0628,mg/L,0.35,mg/L,0.0703,mg/L,,,,,,,,,,,,
282,2017-05-07,0.061,mg/L,,,,,,,25.7,mg/L,,,,,6.1,mg/L,,,0.665,mg/L,,,,,,,,,0.0526,mg/L,0.322,mg/L,0.0601,mg/L,,,,,,,,,,,,
283,2017-05-08,0.0315,mg/L,,,,,,,10.905000000000001,mg/L,,,,,3.065,mg/L,,,0.3775,mg/L,,,,,,,,,0.036449999999999996,mg/L,0.12425,mg/L,0.04025,mg/L,,,,,,,,,,,,
284,2017-05-09,0.0625,mg/L,,,,,,,25.75,mg/L,5.5,µg/L,5.0,µg/L,6.245,mg/L,,,0.74,mg/L,,,,,,,,,0.0648,mg/L,0.1815,mg/L,0.07314999999999999,mg/L,,,,,,,,,88.2,mg/L,,
285,2017-05-10,0.038,mg/L,,,,,,,30.6,mg/L,,,,,6.5,mg/L,,,0.698,mg/L,,,,,,,,,0.0506,mg/L,0.116,mg/L,0.0583,mg/L,,,,,,,,,,,,
286,2017-05-11,0.028,mg/L,,,,,,,36.3,mg/L,,,,,6.69,mg/L,,,0.613,mg/L,,,,,,,,,0.0377,mg/L,0.0997,mg/L,0.0443,mg/L,,,,,,,,,,,,
287,2017-05-12,0.013,mg/L,,,,,,,40.7,mg/L,,,,,6.62,mg/L,,,0.6,mg/L,,,,,,,,,0.0288,mg/L,0.106,mg/L,0.0333,mg/L,,,,,,,,,,,,
288,2017-05-13,0.01,mg/L,,,,,,,44.8,mg/L,,,,,6.27,mg/L,,,0.578,mg/L,,,,,,,,,0.0182,mg/L,0.0789,mg/L,0.0261,mg/L,,,,,,,,,,,,
289,2017-05-15,0.0055,mg/L,,,,,,,25.654999999999998,mg/L,,,,,3.084,mg/L,,,0.31799999999999995,mg/L,,,,,,,,,0.00105,mg/L,0.03605,mg/L,0.00465,mg/L,,,,,,,,,,,,
290,2017-05-16,0.015,mg/L,,,,,,,58.8,mg/L,53.8,µg/L,50.1,µg/L,5.675,mg/L,,,0.59,mg/L,,,,,,,,,0.0010999999999999998,mg/L,0.10775000000000001,mg/L,0.00735,mg/L,,,,,,,,,44.96,mg/L,,
291,2017-05-17,0.022,mg/L,,,,,,,64.9,mg/L,,,,,5.23,mg/L,,,0.556,mg/L,,,,,,,,,0.001,mg/L,0.0604,mg/L,0.0054,mg/L,,,,,,,,,,,,
292,2017-05-18,0.02,mg/L,,,,,,,64.9,mg/L,,,,,5.19,mg/L,,,0.533,mg/L,,,,,,,,,0.0008,mg/L,0.0395,mg/L,0.0051,mg/L,,,,,,,,,,,,
293,2017-05-19,0.021,mg/L,,,,,,,65.7,mg/L,,,,,5.25,mg/L,,,0.531,mg/L,,,,,,,,,0.0009,mg/L,0.0612,mg/L,0.0057,mg/L,,,,,,,,,,,,
294,2017-05-20,0.027,mg/L,,,,,,,64.3,mg/L,,,,,5.34,mg/L,,,0.522,mg/L,,,,,,,,,0.0009,mg/L,0.0706,mg/L,0.0056,mg/L,,,,,,,,,,,,
295,2017-05-21,0.026,mg/L,,,,,,,55.6,mg/L,,,,,5.34,mg/L,,,0.515,mg/L,,,,,,,,,0.0006,mg/L,0.0747,mg/L,0.0056,mg/L,,,,,,,,,,,,
296,2017-05-22,0.0195,mg/L,,,,,,,28.705,mg/L,,,,,2.9274999999999998,mg/L,,,0.28950000000000004,mg/L,,,,,,,,,0.001,mg/L,0.0391,mg/L,0.0033,mg/L,,,,,,,,,,,,
297,2017-05-24,0.023,mg/L,,,,,,,70.1,mg/L,,,,,5.35,mg/L,,,0.626,mg/L,,,,,,,,,0.0012,mg/L,0.11,mg/L,0.0074,mg/L,,,,,,,,,,,,
298,2017-05-25,0.026,mg/L,,,,,,,55.8,mg/L,,,,,5.28,mg/L,,,0.573,mg/L,,,,,,,,,0.0015,mg/L,0.102,mg/L,0.0054,mg/L,,,,,,,,,,,,
299,2017-05-26,0.05,mg/L,,,,,,,49.7,mg/L,,,,,4.69,mg/L,,,0.632,mg/L,,,,,,,,,0.0044,mg/L,0.106,mg/L,0.009,mg/L,,,,,,,,,,,,
300,2017-05-27,0.163,mg/L,,,,,,,41.6,mg/L,,,,,7.37,mg/L,,,1.17,mg/L,,,,,,,,,0.0838,mg/L,0.267,mg/L,0.0923,mg/L,,,,,,,,,,,,
301,2017-05-28,0.042,mg/L,,,,,,,42.6,mg/L,,,,,7.9,mg/L,,,0.827,mg/L,,,,,,,,,0.0187,mg/L,0.139,mg/L,0.0271,mg/L,,,,,,,,,,,,
302,2017-05-29,0.0135,mg/L,,,,,,,21.51,mg/L,,,,,4.08,mg/L,,,0.3805,mg/L,,,,,,,,,0.00655,mg/L,0.040850000000000004,mg/L,0.0109,mg/L,,,,,,,,,,,,
303,2017-05-30,0.018000000000000002,mg/L,,,,,,,44.65,mg/L,,,,,8.695,mg/L,,,0.723,mg/L,,,,,,,,,0.01175,mg/L,0.10189999999999999,mg/L,0.0194,mg/L,,,,,,,,,62.88,mg/L,,
304,2017-05-31,0.012,mg/L,,,,,,,46.5,mg/L,,,,,8.46,mg/L,,,0.682,mg/L,,,,,,,,,0.0064,mg/L,0.0926,mg/L,0.0141,mg/L,,,,,,,,,,,,
305,2017-06-01,0.009,mg/L,,,,,,,48.9,mg/L,,,,,7.85,mg/L,,,0.636,mg/L,,,,,,,,,0.0081,mg/L,0.0999,mg/L,0.0152,mg/L,,,,,,,,,,,,
306,2017-06-02,0.007,mg/L,,,,,,,53.3,mg/L,,,,,7.68,mg/L,,,0.681,mg/L,,,,,,,,,0.0007,mg/L,0.0727,mg/L,0.0073,mg/L,,,,,,,,,,,,
307,2017-06-03,0.008,mg/L,,,,,,,52.6,mg/L,,,,,7.73,mg/L,,,0.642,mg/L,,,,,,,,,0.0003,mg/L,0.0825,mg/L,0.0122,mg/L,,,,,,,,,,,,
308,2017-06-04,0.0085,mg/L,,,,,,,28.005,mg/L,,,,,3.9135,mg/L,,,0.3385,mg/L,,,,,,,,,0.00035,mg/L,0.033350000000000005,mg/L,0.00475,mg/L,,,,,,,,,,,,
309,2017-06-05,0.005,mg/L,,,,,,,59.8,mg/L,,,,,7.28,mg/L,,,0.605,mg/L,,,,,,,,,0.0003,mg/L,0.0667,mg/L,0.0098,mg/L,,,,,,,,,,,,
310,2017-06-06,0.025,mg/L,,,,,,,63.4,mg/L,,,,,6.57,mg/L,,,0.655,mg/L,,,,,,,,,0.001,mg/L,0.085,mg/L,0.0068,mg/L,,,,,,,,,,,,
311,2017-06-07,0.027,mg/L,,,,,,,67.6,mg/L,,,,,6.96,mg/L,,,0.646,mg/L,,,,,,,,,0.0044,mg/L,0.0644,mg/L,0.0116,mg/L,,,,,,,,,,,,
312,2017-06-08,0.013,mg/L,,,,,,,58.7,mg/L,,,,,4.86,mg/L,,,0.552,mg/L,,,,,,,,,0.0006,mg/L,0.0668,mg/L,0.0061,mg/L,,,,,,,,,,,,
313,2017-06-09,0.013,mg/L,,,,,,,68.9,mg/L,,,,,4.88,mg/L,,,0.563,mg/L,,,,,,,,,0.0033,mg/L,0.0863,mg/L,0.0099,mg/L,,,,,,,,,,,,
314,2017-06-11,0.013,mg/L,,,,,,,72.1,mg/L,,,,,5.63,mg/L,,,0.547,mg/L,,,,,,,,,0.0049,mg/L,0.0809,mg/L,0.0116,mg/L,,,,,,,,,,,,
315,2017-06-12,0.011,mg/L,,,,,,,36.655,mg/L,,,,,2.7515,mg/L,,,0.28550000000000003,mg/L,,,,,,,,,0.00125,mg/L,0.04245,mg/L,0.005350000000000001,mg/L,,,,,,,,,,,,
316,2017-06-13,0.02,mg/L,,,,,,,77.94999999999999,mg/L,,,,,5.1899999999999995,mg/L,,,0.5445,mg/L,,,,,,,,,0.0015999999999999999,mg/L,0.088,mg/L,0.0074,mg/L,,,,,,,,,59.95,mg/L,,
317,2017-06-14,0.007,mg/L,,,,,,,80.6,mg/L,,,,,4.76,mg/L,,,0.544,mg/L,,,,,,,,,0.0003,mg/L,0.0612,mg/L,0.0068,mg/L,,,,,,,,,,,,
318,2017-06-15,0.014,mg/L,,,,,,,80.1,mg/L,,,,,4.69,mg/L,,,0.534,mg/L,,,,,,,,,0.001,mg/L,0.0488,mg/L,0.0096,mg/L,,,,,,,,,,,,
319,2017-06-16,0.022,mg/L,,,,,,,78.1,mg/L,,,,,4.62,mg/L,,,0.597,mg/L,,,,,,,,,0.0006,mg/L,0.0584,mg/L,0.0079,mg/L,,,,,,,,,,,,
320,2017-06-17,0.025,mg/L,,,,,,,76.7,mg/L,,,,,3.94,mg/L,,,0.538,mg/L,,,,,,,,,0.0008,mg/L,0.082,mg/L,0.0069,mg/L,,,,,,,,,,,,
321,2017-06-18,0.013,mg/L,,,,,,,84.2,mg/L,,,,,3.93,mg/L,,,0.564,mg/L,,,,,,,,,0.0004,mg/L,0.0514,mg/L,0.0076,mg/L,,,,,,,,,,,,
322,2017-06-19,0.0085,mg/L,,,,,,,44.705000000000005,mg/L,,,,,2.309,mg/L,,,0.28850000000000003,mg/L,,,,,,,,,0.00025,mg/L,0.02905,mg/L,0.0048000000000000004,mg/L,,,,,,,,,,,,
323,2017-06-23,0.044,mg/L,,,,,,,85.4,mg/L,,,,,3.34,mg/L,,,0.593,mg/L,,,,,,,,,0.002,mg/L,0.0983,mg/L,0.0081,mg/L,,,,,,,,,,,,
324,2017-06-24,0.055,mg/L,,,,,,,76.1,mg/L,,,,,4.27,mg/L,,,0.611,mg/L,,,,,,,,,0.0033,mg/L,0.127,mg/L,0.0097,mg/L,,,,,,,,,,,,
325,2017-06-25,0.139,mg/L,,,,,,,66.8,mg/L,,,,,8.1,mg/L,,,1.01,mg/L,,,,,,,,,0.0476,mg/L,0.269,mg/L,0.0587,mg/L,,,,,,,,,,,,
326,2017-06-26,0.043,mg/L,,,,,,,35.505,mg/L,,,,,2.0425,mg/L,,,0.362,mg/L,,,,,,,,,0.0172,mg/L,0.12695,mg/L,0.0212,mg/L,,,,,,,,,,,,
327,2017-06-27,0.051500000000000004,mg/L,,,,,,,55.25,mg/L,,,,,5.45,mg/L,,,0.712,mg/L,,,,,,,,,0.04095,mg/L,0.164,mg/L,0.0485,mg/L,,,,,,,,,105.33,mg/L,,
328,2017-06-28,0.042,mg/L,,,,,,,54.2,mg/L,,,,,5.23,mg/L,,,0.691,mg/L,,,,,,,,,0.0397,mg/L,0.121,mg/L,0.0459,mg/L,,,,,,,,,,,,
329,2017-06-29,0.019,mg/L,,,,,,,55.7,mg/L,,,,,6.71,mg/L,,,0.647,mg/L,,,,,,,,,0.0373,mg/L,0.144,mg/L,0.0431,mg/L,,,,,,,,,,,,
330,2017-06-30,0.022,mg/L,,,,,,,60.0,mg/L,,,,,7.32,mg/L,,,0.652,mg/L,,,,,,,,,0.0333,mg/L,0.123,mg/L,0.0411,mg/L,,,,,,,,,,,,
331,2017-07-01,0.015,mg/L,,,,,,,57.1,mg/L,,,,,7.13,mg/L,,,0.622,mg/L,,,,,,,,,0.032,mg/L,0.118,mg/L,0.0371,mg/L,,,,,,,,,,,,
332,2017-07-02,0.016,mg/L,,,,,,,66.6,mg/L,,,,,7.26,mg/L,,,0.653,mg/L,,,,,,,,,0.0297,mg/L,0.115,mg/L,0.0351,mg/L,,,,,,,,,,,,
333,2017-07-03,0.021500000000000002,mg/L,,,,,,,35.055,mg/L,,,,,3.8895,mg/L,,,0.3425,mg/L,,,,,,,,,0.0123,mg/L,0.04225,mg/L,0.016399999999999998,mg/L,,,,,,,,,,,,
334,2017-07-04,0.014,mg/L,,,,,,,71.7,mg/L,,,,,6.38,mg/L,,,0.583,mg/L,,,,,,,,,0.0138,mg/L,0.133,mg/L,0.0182,mg/L,,,,,,,,,,,,
335,2017-07-05,0.014,mg/L,,,,,,,70.3,mg/L,,,,,5.56,mg/L,,,0.556,mg/L,,,,,,,,,0.0095,mg/L,0.113,mg/L,0.0136,mg/L,,,,,,,,,,,,
336,2017-07-06,0.016,mg/L,,,,,,,68.8,mg/L,,,,,5.82,mg/L,,,0.546,mg/L,,,,,,,,,0.0046,mg/L,0.117,mg/L,0.0102,mg/L,,,,,,,,,,,,
337,2017-07-07,0.016,mg/L,,,,,,,68.1,mg/L,,,,,5.37,mg/L,,,0.558,mg/L,,,,,,,,,0.0009,mg/L,0.124,mg/L,0.0076,mg/L,,,,,,,,,,,,
338,2017-07-08,0.02,mg/L,,,,,,,68.8,mg/L,,,,,5.14,mg/L,,,0.599,mg/L,,,,,,,,,0.0011,mg/L,0.121,mg/L,0.006,mg/L,,,,,,,,,,,,
339,2017-07-09,0.021,mg/L,,,,,,,72.2,mg/L,,,,,5.13,mg/L,,,0.607,mg/L,,,,,,,,,0.0031,mg/L,0.244,mg/L,0.0099,mg/L,,,,,,,,,,,,
340,2017-07-10,0.021,mg/L,,,,,,,34.505,mg/L,,,,,2.3645,mg/L,,,0.3285,mg/L,,,,,,,,,0.0030499999999999998,mg/L,0.06225,mg/L,0.00695,mg/L,,,,,,,,,,,,
341,2017-07-11,0.08499999999999999,mg/L,,,,,,,50.7,mg/L,,,,,4.29,mg/L,,,0.6385,mg/L,,,,,,,,,0.02415,mg/L,0.13,mg/L,0.02445,mg/L,,,,,,,,,120.45,mg/L,,
342,2017-07-12,0.052,mg/L,,,,,,,74.7,mg/L,,,,,4.05,mg/L,,,0.624,mg/L,,,,,,,,,0.0131,mg/L,0.122,mg/L,0.0143,mg/L,,,,,,,,,,,,
343,2017-07-13,0.053,mg/L,,,,,,,69.9,mg/L,,,,,3.96,mg/L,,,0.66,mg/L,,,,,,,,,0.0123,mg/L,0.108,mg/L,0.0163,mg/L,,,,,,,,,,,,
344,2017-07-14,0.042,mg/L,,,,,,,61.8,mg/L,,,,,3.15,mg/L,,,0.583,mg/L,,,,,,,,,0.0128,mg/L,0.126,mg/L,0.0171,mg/L,,,,,,,,,,,,
345,2017-07-15,0.05,mg/L,,,,,,,54.1,mg/L,,,,,2.91,mg/L,,,0.554,mg/L,,,,,,,,,0.0136,mg/L,0.119,mg/L,0.0191,mg/L,,,,,,,,,,,,
346,2017-07-16,0.04,mg/L,,,,,,,61.8,mg/L,,,,,4.43,mg/L,,,0.592,mg/L,,,,,,,,,0.0044,mg/L,0.108,mg/L,0.0104,mg/L,,,,,,,,,,,,
347,2017-07-17,0.027,mg/L,,,,,,,20.555,mg/L,,,,,3.173,mg/L,,,0.386,mg/L,,,,,,,,,0.0246,mg/L,0.09179999999999999,mg/L,0.02815,mg/L,,,,,,,,,,,,
348,2017-07-18,0.032,mg/L,,,,,,,42.5,mg/L,,,,,6.34,mg/L,,,0.712,mg/L,,,,,,,,,0.0461,mg/L,0.169,mg/L,0.0653,mg/L,,,,,,,,,,,,
349,2017-07-19,0.026,mg/L,,,,,,,48.8,mg/L,,,,,6.27,mg/L,,,0.684,mg/L,,,,,,,,,0.0478,mg/L,0.172,mg/L,0.0662,mg/L,,,,,,,,,,,,
350,2017-07-20,0.022,mg/L,,,,,,,55.0,mg/L,,,,,5.7,mg/L,,,0.634,mg/L,,,,,,,,,0.0441,mg/L,0.157,mg/L,0.0598,mg/L,,,,,,,,,,,,
351,2017-07-21,0.021,mg/L,,,,,,,60.9,mg/L,,,,,5.71,mg/L,,,0.575,mg/L,,,,,,,,,0.0429,mg/L,0.154,mg/L,0.0593,mg/L,,,,,,,,,,,,
352,2017-07-23,0.022,mg/L,,,,,,,62.4,mg/L,,,,,5.93,mg/L,,,0.606,mg/L,,,,,,,,,0.043,mg/L,0.152,mg/L,0.0615,mg/L,,,,,,,,,,,,
353,2017-07-24,0.013,mg/L,,,,,,,32.205000000000005,mg/L,,,,,2.9185,mg/L,,,0.3155,mg/L,,,,,,,,,0.0149,mg/L,0.07469999999999999,mg/L,0.02145,mg/L,,,,,,,,,,,,
354,2017-07-25,0.024,mg/L,,,,,,,67.8,mg/L,,,,,4.75,mg/L,,,0.62,mg/L,,,,,,,,,0.033,mg/L,0.155,mg/L,0.0446,mg/L,,,,,,,,,107.98,mg/L,,
355,2017-07-31,0.011,mg/L,,,,,,,76.8,mg/L,,,,,4.41,mg/L,,,0.533,mg/L,,,,,,,,,0.0315,mg/L,0.114,mg/L,0.0359,mg/L,,,,,,,,,68.13,mg/L,,
356,2017-08-01,0.011,mg/L,,,,,,,82.0,mg/L,,,,,4.43,mg/L,,,0.57,mg/L,,,,,,,,,0.0293,mg/L,0.103,mg/L,0.0342,mg/L,,,,,,,,,87.56,mg/L,,
357,2017-08-02,0.017,mg/L,,,,,,,88.9,mg/L,,,,,3.85,mg/L,,,0.464,mg/L,,,,,,,,,0.026,mg/L,0.107,mg/L,0.0309,mg/L,,,,,,,,,90.0,mg/L,,
358,2017-08-03,0.014,mg/L,,,,,,,92.6,mg/L,,,,,3.62,mg/L,,,0.477,mg/L,,,,,,,,,0.0163,mg/L,0.132,mg/L,0.0218,mg/L,,,,,,,,,141.18,mg/L,,
359,2017-08-04,0.017,mg/L,,,,,,,92.1,mg/L,,,,,4.26,mg/L,,,0.482,mg/L,,,,,,,,,0.0128,mg/L,0.12,mg/L,0.0176,mg/L,,,,,,,,,111.18,mg/L,,
360,2017-08-05,0.022,mg/L,,,,,,,99.8,mg/L,,,,,3.4,mg/L,,,0.586,mg/L,,,,,,,,,0.0145,mg/L,0.16,mg/L,0.0213,mg/L,,,,,,,,,160.74,mg/L,,
361,2017-08-06,0.018,mg/L,,,,,,,92.9,mg/L,,,,,3.52,mg/L,,,0.548,mg/L,,,,,,,,,0.0306,mg/L,0.139,mg/L,0.0378,mg/L,,,,,,,,,95.87,mg/L,,
362,2017-08-07,0.015,mg/L,,,,,,,72.2,mg/L,,,,,3.3,mg/L,,,0.673,mg/L,,,,,,,,,0.0085,mg/L,0.125,mg/L,0.0167,mg/L,,,,,,,,,89.14,mg/L,,
363,2017-08-08,0.0235,mg/L,,,,,,,71.4,mg/L,,,,,2.9050000000000002,mg/L,,,0.536,mg/L,,,,,,,,,0.0156,mg/L,0.1225,mg/L,0.022350000000000002,mg/L,,,,,,,,,86.125,mg/L,,
364,2017-08-21,0.026,mg/L,,,,,,,89.3,mg/L,,,,,2.6,mg/L,,,0.55,mg/L,,,,,,,,,0.0182,mg/L,0.101,mg/L,0.025,mg/L,,,,,,,,,92.91,mg/L,,
365,2017-08-22,0.03,mg/L,,,,,,,93.55000000000001,mg/L,,,,,3.41,mg/L,,,0.6265000000000001,mg/L,,,,,,,,,0.035449999999999995,mg/L,0.11699999999999999,mg/L,0.0453,mg/L,,,,,,,,,66.39500000000001,mg/L,,
366,2017-08-23,0.027,mg/L,,,,,,,94.6,mg/L,,,,,2.15,mg/L,,,0.606,mg/L,,,,,,,,,0.0026,mg/L,0.118,mg/L,0.0124,mg/L,,,,,,,,,60.0,mg/L,,
367,2017-08-24,0.03,mg/L,,,,,,,91.0,mg/L,,,,,2.02,mg/L,,,0.54,mg/L,,,,,,,,,0.0011,mg/L,0.124,mg/L,0.0089,mg/L,,,,,,,,,81.88,mg/L,,
368,2017-08-25,0.025,mg/L,,,,,,,90.9,mg/L,,,,,2.22,mg/L,,,0.554,mg/L,,,,,,,,,0.0017,mg/L,0.123,mg/L,0.0119,mg/L,,,,,,,,,80.61,mg/L,,
369,2017-08-26,0.023,mg/L,,,,,,,90.4,mg/L,,,,,2.44,mg/L,,,0.508,mg/L,,,,,,,,,0.0008,mg/L,0.109,mg/L,0.0091,mg/L,,,,,,,,,69.3,mg/L,,
370,2017-08-27,0.02,mg/L,,,,,,,93.6,mg/L,,,,,3.53,mg/L,,,0.613,mg/L,,,,,,,,,0.0082,mg/L,0.122,mg/L,0.0168,mg/L,,,,,,,,,74.76,mg/L,,
371,2017-08-28,0.01,mg/L,,,,,,,91.75,mg/L,,,,,3.135,mg/L,,,0.58,mg/L,,,,,,,,,0.04025,mg/L,0.1275,mg/L,0.051750000000000004,mg/L,,,,,,,,,89.49000000000001,mg/L,,
372,2017-08-29,0.014,mg/L,,,,,,,90.5,mg/L,,,,,3.01,mg/L,,,0.593,mg/L,,,,,,,,,0.0507,mg/L,0.143,mg/L,0.06,mg/L,,,,,,,,,84.21,mg/L,,
373,2017-08-30,0.012,mg/L,,,,,,,93.5,mg/L,,,,,3.45,mg/L,,,0.601,mg/L,,,,,,,,,0.0473,mg/L,0.114,mg/L,0.0602,mg/L,,,,,,,,,102.5,mg/L,,
374,2017-08-31,0.005,mg/L,,,,,,,94.8,mg/L,,,,,4.03,mg/L,,,0.674,mg/L,,,,,,,,,0.0319,mg/L,0.126,mg/L,0.0446,mg/L,,,,,,,,,75.89,mg/L,,
375,2017-09-05,0.015,mg/L,,,,,,,90.4,mg/L,,,,,3.265,mg/L,,,0.6315,mg/L,,,,,,,,,0.04915,mg/L,0.14700000000000002,mg/L,0.06515,mg/L,,,,,,,,,86.575,mg/L,,
376,2017-09-18,0.011999999999999999,mg/L,,,,,,,87.7,mg/L,,,,,2.1166666666666667,mg/L,,,0.564,mg/L,,,,,,,,,0.0012,mg/L,0.059566666666666664,mg/L,0.013433333333333334,mg/L,,,,,,,,,32.046666666666674,mg/L,,
377,2017-09-19,0.015,mg/L,,,,,,,92.8,mg/L,,,,,2.38,mg/L,,,0.643,mg/L,,,,,,,,,0.0006,mg/L,0.0607,mg/L,0.0123,mg/L,,,,,,,,,23.83,mg/L,,
378,2017-09-20,0.014,mg/L,,,,,,,89.6,mg/L,,,,,1.79,mg/L,,,0.537,mg/L,,,,,,,,,0.0006,mg/L,0.079,mg/L,0.0164,mg/L,,,,,,,,,33.7,mg/L,,
379,2017-09-21,0.017,mg/L,,,,,,,92.9,mg/L,,,,,1.71,mg/L,,,0.571,mg/L,,,,,,,,,0.0004,mg/L,0.0883,mg/L,0.0137,mg/L,,,,,,,,,28.9,mg/L,,
380,2017-09-22,0.012,mg/L,,,,,,,94.0,mg/L,,,,,2.48,mg/L,,,0.656,mg/L,,,,,,,,,0.0002,mg/L,0.0937,mg/L,0.0152,mg/L,,,,,,,,,43.51,mg/L,,
381,2017-09-23,0.012,mg/L,,,,,,,96.7,mg/L,,,,,3.08,mg/L,,,0.695,mg/L,,,,,,,,,0.0002,mg/L,0.0907,mg/L,0.0167,mg/L,,,,,,,,,47.06,mg/L,,
382,2017-09-24,0.012,mg/L,,,,,,,101.0,mg/L,,,,,3.03,mg/L,,,0.656,mg/L,,,,,,,,,0.0004,mg/L,0.121,mg/L,0.0168,mg/L,,,,,,,,,79.25,mg/L,,
383,2017-09-25,0.011,mg/L,,,,,,,99.15,mg/L,,,,,3.075,mg/L,,,0.6635,mg/L,,,,,,,,,0.00045,mg/L,0.1305,mg/L,0.0155,mg/L,,,,,,,,,69.58,mg/L,,
384,2017-09-26,0.006,mg/L,,,,,,,100.0,mg/L,,,,,2.29,mg/L,,,0.586,mg/L,,,,,,,,,0.0021,mg/L,0.131,mg/L,0.0156,mg/L,,,,,,,,,70.16,mg/L,,
385,2017-09-27,0.006,mg/L,,,,,,,100.0,mg/L,,,,,1.65,mg/L,,,0.515,mg/L,,,,,,,,,0.0004,mg/L,0.164,mg/L,0.0246,mg/L,,,,,,,,,113.29,mg/L,,
386,2017-09-28,0.006,mg/L,,,,,,,88.7,mg/L,,,,,2.42,mg/L,,,0.571,mg/L,,,,,,,,,0.0009,mg/L,0.153,mg/L,0.0128,mg/L,,,,,,,,,157.52,mg/L,,
