YEAR,MONTH,DAY,PRCP,SNWD,SNOW,WESD,WESF
2008,1,2,25.4,213,NAN,NAN,NAN
2008,2,11,9.7,102,0,9.7,NAN
2008,2,12,0,114,0,NAN,NAN
2008,2,13,1.5,175,69,NAN,1.5
2008,2,15,0.5,NAN,15,NAN,NAN
2008,2,16,0,NAN,0,NAN,NAN
2008,2,18,6.1,0,0,NAN,NAN
2008,2,19,8.1,64,64,8.1,8.1
2008,2,20,0,NAN,0,NAN,NAN
2008,2,21,0,NAN,0,NAN,NAN
2008,2,22,8.1,91,91,8.1,8.1
2008,2,23,8.1,97,97,8.1,8.1
2008,2,26,10.4,193,193,10.4,10.4
2008,2,27,17.8,297,130,18,10.9
2008,2,28,0,257,0,NAN,NAN
2008,2,29,6.9,274,28,18.8,6.9
2008,3,4,4.6,0,0,NAN,NAN
2008,3,5,23.6,NAN,33,NAN,NAN
2008,3,7,10.7,145,145,10.7,10.7
2008,3,9,7.4,551,157,NAN,7.4
2008,3,10,31.5,447,0,31.5,NAN
2008,3,28,8.9,48,48,8.9,8.9
2008,5,15,10.9,NAN,0,NAN,NAN
2008,5,16,0.5,NAN,0,NAN,NAN
2008,5,17,0.5,NAN,0,NAN,NAN
2008,5,18,6.4,NAN,0,NAN,NAN
2008,5,19,0,NAN,0,NAN,NAN
2008,5,20,0,NAN,0,NAN,NAN
2008,5,21,1.8,NAN,0,NAN,NAN
2008,5,22,3,NAN,0,NAN,NAN
2008,5,23,0,NAN,0,NAN,NAN
2008,5,24,0,NAN,0,NAN,NAN
2008,5,25,0,NAN,0,NAN,NAN
2008,5,26,0,NAN,0,NAN,NAN
2008,5,27,0,NAN,0,NAN,NAN
2008,5,29,0,NAN,0,NAN,NAN
2008,5,30,0,NAN,0,NAN,NAN
2008,5,31,1,NAN,0,NAN,NAN
2008,6,1,0,NAN,0,NAN,NAN
2008,6,2,0,NAN,0,NAN,NAN
2008,6,3,4.6,NAN,0,NAN,NAN
2008,6,4,3.3,NAN,0,NAN,NAN
2008,6,5,0.8,NAN,0,NAN,NAN
2008,6,7,0,NAN,0,NAN,NAN
2008,6,8,0,NAN,0,NAN,NAN
2008,6,9,0,NAN,0,NAN,NAN
2008,6,10,25.7,NAN,0,NAN,NAN
2008,6,11,0,NAN,0,NAN,NAN
2008,6,12,0,NAN,0,NAN,NAN
2008,6,13,0,NAN,0,NAN,NAN
2008,6,14,34,NAN,0,NAN,NAN
2008,6,15,0,NAN,0,NAN,NAN
2008,6,16,1.3,NAN,0,NAN,NAN
2008,6,17,4.1,NAN,0,NAN,NAN
2008,6,18,3.8,NAN,0,NAN,NAN
2008,6,19,0,NAN,0,NAN,NAN
2008,6,20,0,NAN,0,NAN,NAN
2008,6,21,0.8,NAN,0,NAN,NAN
2008,6,22,7.1,NAN,0,NAN,NAN
2008,6,23,0,NAN,0,NAN,NAN
2008,6,24,0,NAN,0,NAN,NAN
2008,6,25,0,NAN,0,NAN,NAN
2008,6,26,1.3,NAN,0,NAN,NAN
2008,6,27,11.2,NAN,0,NAN,NAN
2008,6,28,1,NAN,0,NAN,NAN
2008,6,29,25.1,NAN,0,NAN,NAN
2008,7,1,13.2,NAN,0,NAN,NAN
2008,7,2,0,NAN,0,NAN,NAN
2008,7,3,2,NAN,0,NAN,NAN
2008,7,4,6.9,NAN,0,NAN,NAN
2008,7,5,0,NAN,0,NAN,NAN
2008,7,6,0,NAN,0,NAN,NAN
2008,7,7,0,NAN,0,NAN,NAN
2008,7,8,0,NAN,0,NAN,NAN
2008,7,9,7.1,NAN,0,NAN,NAN
2008,7,10,7.1,NAN,0,NAN,NAN
2008,7,11,0.3,NAN,0,NAN,NAN
2008,7,12,0,NAN,0,NAN,NAN
2008,7,13,11.2,NAN,0,NAN,NAN
2008,7,14,3.3,NAN,0,NAN,NAN
2008,7,15,0,NAN,0,NAN,NAN
2008,7,16,0,NAN,0,NAN,NAN
2008,7,19,0,NAN,0,NAN,NAN
2008,7,20,8.1,NAN,0,NAN,NAN
2008,7,21,0,NAN,0,NAN,NAN
2008,7,23,7.1,NAN,0,NAN,NAN
2008,7,24,62.7,NAN,0,NAN,NAN
2008,7,25,0,NAN,0,NAN,NAN
2008,7,27,0,NAN,0,NAN,NAN
2008,7,28,0,NAN,0,NAN,NAN
2008,7,29,0,NAN,0,NAN,NAN
2008,7,30,0,NAN,0,NAN,NAN
2008,7,31,7.4,NAN,0,NAN,NAN
2008,8,1,0,NAN,0,NAN,NAN
2008,8,2,0,NAN,0,NAN,NAN
2008,8,3,0,NAN,0,NAN,NAN
2008,8,4,0,NAN,0,NAN,NAN
2008,8,5,0,NAN,0,NAN,NAN
2008,8,6,22.4,NAN,0,NAN,NAN
2008,8,7,0,NAN,0,NAN,NAN
2008,8,8,0,NAN,0,NAN,NAN
2008,8,9,0,NAN,0,NAN,NAN
2008,8,10,13,NAN,0,NAN,NAN
2008,8,11,25.7,NAN,0,NAN,NAN
2008,8,12,0,NAN,0,NAN,NAN
2008,8,13,0,NAN,0,NAN,NAN
2008,8,14,0,NAN,0,NAN,NAN
2008,8,15,0,NAN,0,NAN,NAN
2008,8,16,0,NAN,0,NAN,NAN
2008,8,17,0,NAN,0,NAN,NAN
2008,8,18,0,NAN,0,NAN,NAN
2008,8,19,0.5,NAN,0,NAN,NAN
2008,8,20,2,NAN,0,NAN,NAN
2008,8,21,0,NAN,0,NAN,NAN
2008,8,22,0,NAN,0,NAN,NAN
2008,8,23,0,NAN,0,NAN,NAN
2008,8,24,0,NAN,0,NAN,NAN
2008,8,25,1.3,NAN,0,NAN,NAN
2008,8,26,0,NAN,0,NAN,NAN
2008,8,27,0,NAN,0,NAN,NAN
2008,8,28,0,NAN,0,NAN,NAN
2008,8,29,3.6,NAN,0,NAN,NAN
2008,8,30,2,NAN,0,NAN,NAN
2008,8,31,0,NAN,0,NAN,NAN
2008,9,1,0,NAN,0,NAN,NAN
2008,9,2,0,NAN,0,NAN,NAN
2008,9,3,0,NAN,0,NAN,NAN
2008,9,4,0,NAN,0,NAN,NAN
2008,9,5,0,NAN,0,NAN,NAN
2008,9,6,17,NAN,0,NAN,NAN
2008,9,7,1.8,NAN,0,NAN,NAN
2008,9,8,0,NAN,0,NAN,NAN
2008,9,9,4.8,NAN,0,NAN,NAN
2008,9,10,0,NAN,0,NAN,NAN
2008,9,11,0,NAN,0,NAN,NAN
2008,9,12,0,NAN,0,NAN,NAN
2008,9,13,10.2,NAN,0,NAN,NAN
2008,9,14,30.7,NAN,0,NAN,NAN
2008,9,15,3.6,NAN,0,NAN,NAN
2008,9,16,4.1,NAN,0,NAN,NAN
2008,9,17,0,NAN,0,NAN,NAN
2008,9,18,0,NAN,0,NAN,NAN
2008,9,19,0,NAN,0,NAN,NAN
2008,9,20,0,NAN,0,NAN,NAN
2008,9,21,0,NAN,0,NAN,NAN
2008,9,22,0,NAN,0,NAN,NAN
2008,9,23,0,NAN,0,NAN,NAN
2008,9,24,0,NAN,0,NAN,NAN
2008,9,25,0,NAN,0,NAN,NAN
2008,9,26,0,NAN,0,NAN,NAN
2008,9,27,0,NAN,0,NAN,NAN
2008,9,28,0.8,NAN,0,NAN,NAN
2008,9,29,1.5,NAN,0,NAN,NAN
2008,9,30,0,NAN,0,NAN,NAN
2008,10,1,58.7,NAN,0,NAN,NAN
2008,10,2,34.8,NAN,0,NAN,NAN
2008,10,3,49.8,NAN,0,NAN,NAN
2008,10,4,0,NAN,0,NAN,NAN
2008,10,5,0,NAN,0,NAN,NAN
2008,10,6,0,NAN,0,NAN,NAN
2008,10,7,0,NAN,0,NAN,NAN
2008,10,8,0,NAN,0,NAN,NAN
2008,10,9,4.6,NAN,0,NAN,NAN
2008,10,10,0,NAN,0,NAN,NAN
2008,10,11,0,NAN,0,NAN,NAN
2008,10,12,0,NAN,0,NAN,NAN
2008,10,13,0,NAN,0,NAN,NAN
2008,10,14,0,NAN,0,NAN,NAN
2008,10,15,0,NAN,0,NAN,NAN
2008,10,16,20.8,NAN,0,NAN,NAN
2008,10,17,2,NAN,0,NAN,NAN
2008,10,18,0,NAN,0,NAN,NAN
2008,10,19,0,NAN,0,NAN,NAN
2008,10,20,0,NAN,0,NAN,NAN
2008,10,21,9.1,NAN,0,NAN,NAN
2008,10,22,1,NAN,0,NAN,NAN
2008,10,23,0,NAN,0,NAN,NAN
2008,10,24,0,NAN,0,NAN,NAN
2008,10,25,9.9,NAN,0,NAN,NAN
2008,10,26,2.8,NAN,0,NAN,NAN
2008,10,27,0,NAN,0,NAN,NAN
2008,10,28,12.2,NAN,0,NAN,NAN
2008,10,29,9.9,NAN,0,NAN,NAN
2008,10,30,7.4,NAN,0,NAN,NAN
2008,10,31,0,NAN,0,NAN,NAN
2008,11,1,0,NAN,0,NAN,NAN
2008,11,2,0,NAN,0,NAN,NAN
2008,11,3,0,NAN,0,NAN,NAN
2008,11,4,0,NAN,0,NAN,NAN
2008,11,5,0,NAN,0,NAN,NAN
2008,11,6,0,NAN,0,NAN,NAN
2008,11,7,0,NAN,0,NAN,NAN
2008,11,8,4.1,NAN,0,NAN,NAN
2008,11,9,4.3,NAN,0,NAN,NAN
2008,11,10,17.5,48,48,15.5,15.5
2008,11,11,18,114,81,18,10.9
2008,11,12,0,NAN,0,NAN,NAN
2008,11,13,0,NAN,0,NAN,NAN
2008,11,14,3,NAN,0,NAN,NAN
2008,11,15,3.8,NAN,0,NAN,NAN
2008,11,16,29,NAN,0,NAN,NAN
2008,11,17,40.4,287,287,39.6,39.6
2008,11,18,0,282,NAN,35.8,NAN
2008,11,19,0,264,0,34,NAN
2008,11,20,#NAME?,249,0,32.5,NAN
2008,11,21,2.5,221,46,41.1,2.5
2008,11,22,2.8,226,53,31.2,2.8
2008,11,23,0,218,NAN,39.1,NAN
2008,11,24,0,155,0,31.2,NAN
2008,11,25,8.4,61,0,16.8,NAN
2008,11,26,11.9,61,NAN,22.1,NAN
2008,11,27,0,41,0,10.4,NAN
2008,11,28,1.5,46,10,11.4,1.5
2008,11,29,5.3,71,0,13,5.3
2008,11,30,0,30,0,6.6,NAN
2008,12,1,5.8,NAN,0,NAN,NAN
2008,12,2,17,211,211,17,17
2008,12,3,0,183,0,15,NAN
2008,12,4,1.5,91,0,18,NAN
2008,12,5,4.6,147,66,18.3,4.6
2008,12,6,0,NAN,0,NAN,NAN
2008,12,7,0,NAN,0,NAN,NAN
2008,12,8,0,NAN,0,NAN,NAN
2008,12,9,1.5,180,0,22.1,NAN
2008,12,10,32,NAN,0,NAN,NAN
2008,12,11,1.3,10,10,1.3,1.3
2008,12,12,0,8,0,1,NAN
2008,12,13,5.6,84,81,6.1,5.6
2008,12,14,0,43,0,5.6,NAN
2008,12,15,6.6,0,0,NAN,NAN
2008,12,16,3.6,0,0,NAN,NAN
2008,12,17,3.8,30,30,3.8,3.8
2008,12,18,0,NAN,0,NAN,NAN
2008,12,19,0,NAN,0,NAN,NAN
2008,12,20,11.2,97,97,11.2,11.2
2008,12,21,1.3,104,18,17.8,1.3
2008,12,22,5.6,188,104,22.6,5.6
2008,12,23,17.5,295,196,NAN,17.5
2008,12,24,13.7,864,NAN,30.7,NAN
2008,12,25,3.6,0,0,NAN,NAN
2008,12,26,0.8,20,20,0.8,0.8
2008,12,27,13.7,0,0,NAN,NAN
2008,12,28,2.3,NAN,NAN,NAN,NAN
2008,12,29,0,NAN,0,NAN,NAN
2008,12,30,0,NAN,0,NAN,NAN
2008,12,31,6.6,61,61,6.6,6.6
2009,1,1,0.3,NAN,10,NAN,0.3
2009,1,2,0,NAN,0,NAN,NAN
2009,1,3,0,NAN,0,NAN,NAN
2009,1,4,0,NAN,0,NAN,NAN
2009,1,5,0.5,NAN,NAN,NAN,NAN
2009,1,6,0,NAN,0,NAN,NAN
2009,1,7,8.1,NAN,0,NAN,NAN
2009,1,8,6.1,89,86,5.8,6.1
2009,1,13,0.8,NAN,8,NAN,0.8
2009,1,14,2.5,373,28,53.6,2.5
2009,1,15,1.8,404,58,58.7,1.8
2009,1,16,0.3,NAN,8,NAN,0.3
2009,1,17,0,348,0,47.8,NAN
2009,1,18,13.5,399,94,58.7,13.5
2009,1,19,1,429,43,NAN,1
2009,1,20,4.3,472,66,NAN,4.3
2009,1,21,0.3,NAN,8,NAN,0.3
2009,1,22,0,NAN,0,NAN,NAN
2009,1,23,0,NAN,0,NAN,NAN
2009,1,24,0,NAN,0,NAN,NAN
2009,1,25,0.3,315,3,50,0.3
2009,1,26,0,NAN,0,NAN,0
2009,1,27,0.3,NAN,15,NAN,0.3
2009,1,28,8.6,NAN,94,NAN,8.6
2009,1,29,20.6,528,198,50,20.6
2009,1,30,0.5,NAN,20,NAN,0.5
2009,1,31,4.3,643,107,56.9,4.3
2009,2,1,0,NAN,0,NAN,NAN
2009,2,2,0,NAN,0,NAN,NAN
2009,2,3,0,NAN,0,NAN,NAN
2009,2,4,0.5,NAN,15,NAN,0.5
2009,2,5,0.8,551,28,82.3,0.8
2009,2,6,0,NAN,0,NAN,NAN
2009,2,7,0,NAN,0,NAN,NAN
2009,2,9,0,NAN,0,NAN,NAN
2009,2,10,0,NAN,0,NAN,NAN
2009,2,11,5.6,NAN,NAN,NAN,NAN
2009,2,12,18.3,NAN,NAN,NAN,NAN
2009,2,13,5.1,10,10,3,3
2009,2,14,1.3,NAN,33,NAN,1.3
2009,2,15,1.3,69,23,6.1,1.3
2009,2,16,0.3,NAN,23,NAN,0.3
2009,2,17,0,NAN,0,NAN,0
2009,2,18,0.65,NAN,0,NAN,NAN
2009,2,19,6.35,36,44.5,2,2
2009,2,20,2.15,89,38.5,NAN,1.8
2009,2,21,0,NAN,0,NAN,0
2009,2,22,1.5,NAN,23,NAN,1.5
2009,2,23,1.5,NAN,58,NAN,1.5
2009,2,24,0.4,109,14,2,2.55
2009,2,25,0,74,0,0.3,0
2009,2,26,0.25,0,0,0.5,0.3
2009,2,27,6.35,NAN,NAN,NAN,NAN
2009,2,28,7.25,8,7.5,3,0.15
2009,3,1,0.1,0,0,0,0
2009,3,2,0.933333333,3,0,27.9,2.5
2009,3,3,0,0,2,NAN,0
2009,3,4,0,0,0,0.3,0
2009,3,5,0,NAN,0,NAN,NAN
2009,3,6,0,0,0,0,0
2009,3,7,0.166666667,0,0,0,0
2009,3,8,9.9,NAN,NAN,NAN,NAN
2009,3,9,31.35,NAN,NAN,NAN,NAN
2009,3,10,0.4,NAN,NAN,NAN,NAN
2009,3,11,30.6,NAN,NAN,NAN,NAN
2009,3,12,0,NAN,0,NAN,NAN
2009,3,13,0,NAN,0,NAN,NAN
2009,3,14,0,NAN,0,NAN,NAN
2009,3,15,0,NAN,0,NAN,NAN
2009,3,16,0,NAN,0,NAN,NAN
2009,3,17,0,NAN,0,NAN,NAN
2009,3,18,0,NAN,0,NAN,NAN
2009,3,19,4.2,NAN,NAN,NAN,NAN
2009,3,20,0,0,2.666666667,0,0
2009,3,21,0,NAN,0,NAN,NAN
2009,3,22,0,0,0,0,0
2009,3,23,0,NAN,0,NAN,NAN
2009,3,24,0,NAN,0,NAN,NAN
2009,3,25,0.1,NAN,0,NAN,NAN
2009,3,26,2.2,NAN,NAN,NAN,NAN
2009,3,27,0.933333333,NAN,NAN,NAN,NAN
2009,3,28,0,NAN,0,NAN,NAN
2009,3,29,2.866666667,NAN,NAN,NAN,NAN
2009,3,30,8.25,33,36.5,1.8,1.8
2009,3,31,0,NAN,0,NAN,NAN
2009,4,1,2.633333333,NAN,0,NAN,NAN
2009,4,2,8.15,NAN,NAN,NAN,NAN
2009,4,3,4.85,NAN,NAN,NAN,NAN
2009,4,4,17.53333333,NAN,NAN,NAN,NAN
2009,4,5,0,NAN,0,NAN,NAN
2009,4,6,1.75,NAN,NAN,NAN,NAN
2009,4,7,7.9,93,96.5,6.9,6.9
2009,4,8,4.7,100.5,50.5,5.6,4.1
2009,4,9,0,NAN,0,NAN,NAN
2009,4,10,0,NAN,0,NAN,NAN
2009,4,11,2.15,NAN,NAN,NAN,NAN
2009,4,12,0,NAN,0,NAN,NAN
2009,4,13,0,NAN,0,NAN,NAN
2009,4,14,0.65,NAN,NAN,NAN,NAN
2009,4,15,14.63333333,NAN,NAN,NAN,NAN
2009,4,16,4.533333333,NAN,NAN,NAN,NAN
2009,4,17,0,NAN,0,NAN,NAN
2009,4,18,0,NAN,0,NAN,NAN
2009,4,19,0,NAN,0,NAN,NAN
2009,4,20,5.066666667,NAN,NAN,NAN,NAN
2009,4,21,17.26666667,NAN,NAN,NAN,NAN
2009,4,22,2.55,NAN,NAN,NAN,NAN
2009,4,23,2.366666667,0,0,NAN,NAN
2009,4,24,1.266666667,NAN,0,NAN,NAN
2009,4,25,1.55,NAN,NAN,NAN,NAN
2009,4,26,0,NAN,0,NAN,NAN
2009,4,27,0,NAN,0,NAN,NAN
2009,4,28,0,NAN,0,NAN,NAN
2009,4,29,9.3,NAN,NAN,NAN,NAN
2009,4,30,0,NAN,0,NAN,NAN
2009,5,1,5.866666667,NAN,NAN,NAN,NAN
2009,5,2,7.1,NAN,NAN,NAN,NAN
2009,5,3,0,NAN,0,NAN,NAN
2009,5,4,0,NAN,0,NAN,NAN
2009,5,5,0,NAN,0,NAN,NAN
2009,5,6,0,NAN,0,NAN,NAN
2009,5,7,11.56666667,NAN,NAN,NAN,NAN
2009,5,8,2.7,NAN,NAN,NAN,NAN
2009,5,9,0.4,NAN,0,NAN,NAN
2009,5,10,0.75,NAN,NAN,NAN,NAN
2009,5,11,0,NAN,0,NAN,NAN
2009,5,12,0,NAN,0,NAN,NAN
2009,5,13,0,NAN,0,NAN,NAN
2009,5,14,3.733333333,NAN,NAN,NAN,NAN
2009,5,15,4.3,NAN,NAN,NAN,NAN
2009,5,16,0,NAN,0,NAN,NAN
2009,5,17,1.366666667,NAN,NAN,NAN,NAN
2009,5,18,0,NAN,0,NAN,NAN
2009,5,19,0,NAN,0,NAN,NAN
2009,5,20,0,NAN,0,NAN,NAN
2009,5,21,0,NAN,0,NAN,NAN
2009,5,22,0,NAN,0,NAN,NAN
2009,5,23,0,NAN,0,NAN,NAN
2009,5,24,0,NAN,0,NAN,NAN
2009,5,25,0,NAN,0,NAN,NAN
2009,5,26,0,NAN,0,NAN,NAN
2009,5,27,2.266666667,NAN,NAN,NAN,NAN
2009,5,28,1.133333333,NAN,NAN,NAN,NAN
2009,5,29,30.06666667,NAN,NAN,NAN,NAN
2009,5,30,1.2,NAN,NAN,NAN,NAN
2009,5,31,0.9,NAN,0,NAN,NAN
2009,6,1,0,NAN,0,NAN,NAN
2009,6,2,19.06666667,NAN,NAN,NAN,NAN
2009,6,3,1.7,NAN,NAN,NAN,NAN
2009,6,4,1.333333333,NAN,0,NAN,NAN
2009,6,5,0,NAN,0,NAN,NAN
2009,6,6,0,NAN,0,NAN,NAN
2009,6,7,0,NAN,0,NAN,NAN
2009,6,8,2.55,NAN,NAN,NAN,NAN
2009,6,9,1.15,NAN,NAN,NAN,NAN
2009,6,10,0,NAN,0,NAN,NAN
2009,6,11,0,NAN,0,NAN,NAN
2009,6,12,14.03333333,NAN,NAN,NAN,NAN
2009,6,13,0,NAN,0,NAN,NAN
2009,6,14,0,NAN,0,NAN,NAN
2009,6,15,0,NAN,0,NAN,NAN
2009,6,16,0,NAN,0,NAN,NAN
2009,6,17,1.966666667,NAN,0,NAN,NAN
2009,6,18,10.66666667,NAN,NAN,NAN,NAN
2009,6,19,1.166666667,NAN,NAN,NAN,NAN
2009,6,20,37.76666667,NAN,NAN,NAN,NAN
2009,6,21,6.6,NAN,0,NAN,NAN
2009,6,22,0,NAN,0,NAN,NAN
2009,6,23,0,NAN,0,NAN,NAN
2009,6,24,0,NAN,0,NAN,NAN
2009,6,25,0,NAN,0,NAN,NAN
2009,6,26,1.433333333,NAN,0,NAN,NAN
2009,6,27,0,NAN,0,NAN,NAN
2009,6,28,0.1,NAN,0,NAN,NAN
2009,6,29,4.1,NAN,NAN,NAN,NAN
2009,6,30,27.6,NAN,NAN,NAN,NAN
2009,7,1,53.66666667,NAN,NAN,NAN,NAN
2009,7,2,3.2,NAN,NAN,NAN,NAN
2009,7,3,8.8,NAN,NAN,NAN,NAN
2009,7,4,0.5,NAN,NAN,NAN,NAN
2009,7,5,0,NAN,0,NAN,NAN
2009,7,6,0,NAN,0,NAN,NAN
2009,7,7,0,NAN,0,NAN,NAN
2009,7,8,0,NAN,0,NAN,NAN
2009,7,9,0,NAN,0,NAN,NAN
2009,7,10,0,NAN,0,NAN,NAN
2009,7,11,0,NAN,0,NAN,NAN
2009,7,12,16.83333333,NAN,NAN,NAN,NAN
2009,7,13,0,NAN,0,NAN,NAN
2009,7,14,0,NAN,0,NAN,NAN
2009,7,15,0,NAN,0,NAN,NAN
2009,7,16,0,NAN,0,NAN,NAN
2009,7,17,0,NAN,0,NAN,NAN
2009,7,18,30.9,NAN,NAN,NAN,NAN
2009,7,19,2.2,NAN,NAN,NAN,NAN
2009,7,20,0,NAN,0,NAN,NAN
2009,7,21,1.15,NAN,NAN,NAN,NAN
2009,7,22,6.25,NAN,NAN,NAN,NAN
2009,7,23,12.45,NAN,NAN,NAN,NAN
2009,7,24,7.9,NAN,NAN,NAN,NAN
2009,7,25,1.5,NAN,NAN,NAN,NAN
2009,7,26,3.2,NAN,NAN,NAN,NAN
2009,7,27,16.25,NAN,NAN,NAN,NAN
2009,7,28,0.25,NAN,0,NAN,NAN
2009,7,29,0,NAN,0,NAN,NAN
2009,7,30,12.1,NAN,NAN,NAN,NAN
2009,7,31,7.7,NAN,NAN,NAN,NAN
2009,8,1,0.766666667,NAN,0,NAN,NAN
2009,8,2,1.933333333,NAN,NAN,NAN,NAN
2009,8,3,1.5,NAN,NAN,NAN,NAN
2009,8,4,0,NAN,0,NAN,NAN
2009,8,5,1.166666667,NAN,0,NAN,NAN
2009,8,6,0,NAN,0,NAN,NAN
2009,8,7,0.433333333,NAN,0,NAN,NAN
2009,8,8,0,NAN,0,NAN,NAN
2009,8,9,9.966666667,NAN,NAN,NAN,NAN
2009,8,10,0,NAN,0,NAN,NAN
2009,8,11,26.73333333,NAN,NAN,NAN,NAN
2009,8,12,0.766666667,NAN,0,NAN,NAN
2009,8,13,0,NAN,0,NAN,NAN
2009,8,14,0,NAN,0,NAN,NAN
2009,8,15,0,NAN,0,NAN,NAN
2009,8,16,0,NAN,0,NAN,NAN
2009,8,17,0,NAN,0,NAN,NAN
2009,8,18,0,NAN,0,NAN,NAN
2009,8,19,8.3,NAN,0,NAN,NAN
2009,8,20,4.5,NAN,NAN,NAN,NAN
2009,8,21,7.966666667,NAN,NAN,NAN,NAN
2009,8,22,0,NAN,0,NAN,NAN
2009,8,23,0,NAN,0,NAN,NAN
2009,8,24,0.5,NAN,NAN,NAN,NAN
2009,8,25,0,NAN,0,NAN,NAN
2009,8,26,0,NAN,0,NAN,NAN
2009,8,27,2.033333333,NAN,NAN,NAN,NAN
2009,8,28,0.6,NAN,0,NAN,NAN
2009,8,29,16.73333333,NAN,NAN,NAN,NAN
2009,8,30,0.433333333,NAN,0,NAN,NAN
2009,8,31,3.05,NAN,NAN,NAN,NAN
2009,9,1,0,NAN,0,NAN,NAN
2009,9,2,0,NAN,0,NAN,NAN
2009,9,3,0,NAN,0,NAN,NAN
2009,9,4,0,NAN,0,NAN,NAN
2009,9,5,0,NAN,0,NAN,NAN
2009,9,6,0,NAN,0,NAN,NAN
2009,9,7,0,NAN,0,NAN,NAN
2009,9,8,1.866666667,NAN,NAN,NAN,NAN
2009,9,9,3.8,NAN,NAN,NAN,NAN
2009,9,10,0,NAN,0,NAN,NAN
2009,9,11,0,NAN,0,NAN,NAN
2009,9,12,0.266666667,NAN,0,NAN,NAN
2009,9,13,0,NAN,0,NAN,NAN
2009,9,14,0,NAN,0,NAN,NAN
2009,9,15,0.25,NAN,0,NAN,NAN
2009,9,16,0,NAN,0,NAN,NAN
2009,9,17,0,NAN,0,NAN,NAN
2009,9,18,0,NAN,0,NAN,NAN
2009,9,19,0,NAN,0,NAN,NAN
2009,9,20,0,NAN,0,NAN,NAN
2009,9,21,1.266666667,NAN,0,NAN,NAN
2009,9,22,0.7,NAN,NAN,NAN,NAN
2009,9,23,0.6,NAN,0,NAN,NAN
2009,9,24,0.166666667,NAN,0,NAN,NAN
2009,9,25,0,NAN,0,NAN,NAN
2009,9,26,0,NAN,0,NAN,NAN
2009,9,27,25.66666667,NAN,NAN,NAN,NAN
2009,9,28,3.65,NAN,NAN,NAN,NAN
2009,9,29,17.03333333,NAN,NAN,NAN,NAN
2009,9,30,25.9,NAN,NAN,NAN,NAN
2009,10,1,8.966666667,NAN,NAN,NAN,NAN
2009,10,2,3.9,NAN,NAN,NAN,NAN
2009,10,3,17.96666667,NAN,NAN,NAN,NAN
2009,10,4,0.166666667,NAN,0,NAN,NAN
2009,10,5,3.05,NAN,NAN,NAN,NAN
2009,10,6,1.433333333,NAN,0,NAN,NAN
2009,10,7,5.7,NAN,NAN,NAN,NAN
2009,10,8,0.433333333,NAN,0,NAN,NAN
2009,10,9,4.733333333,NAN,NAN,NAN,NAN
2009,10,10,7.7,NAN,NAN,NAN,NAN
2009,10,11,0.2,NAN,0,NAN,NAN
2009,10,12,0,NAN,0,NAN,NAN
2009,10,13,0.433333333,NAN,NAN,NAN,NAN
2009,10,14,0.1,NAN,0,NAN,NAN
2009,10,15,0,NAN,0,NAN,NAN
2009,10,16,6.833333333,2.5,5,0.8,0.8
2009,10,17,4.633333333,NAN,0,NAN,NAN
2009,10,18,0.333333333,NAN,0,NAN,NAN
2009,10,19,0,NAN,0,NAN,NAN
2009,10,20,0,NAN,0,NAN,NAN
2009,10,21,0,NAN,0,NAN,NAN
2009,10,22,0.9,NAN,0,NAN,NAN
2009,10,23,0.4,NAN,NAN,NAN,NAN
2009,10,24,10.9,NAN,NAN,NAN,NAN
2009,10,25,1.033333333,NAN,NAN,NAN,NAN
2009,10,26,0,NAN,0,NAN,NAN
2009,10,27,0,NAN,0,NAN,NAN
2009,10,28,17.5,NAN,NAN,NAN,NAN
2009,10,29,2.566666667,NAN,NAN,NAN,NAN
2009,10,30,0.1,NAN,0,NAN,NAN
2009,10,31,12.16666667,NAN,NAN,NAN,NAN
2009,11,1,1,NAN,NAN,NAN,NAN
2009,11,2,0,NAN,0,NAN,NAN
2009,11,3,0.433333333,NAN,NAN,NAN,NAN
2009,11,4,0,NAN,0,NAN,NAN
2009,11,5,1.766666667,NAN,NAN,NAN,NAN
2009,11,6,4.833333333,NAN,0,NAN,NAN
2009,11,7,1.2,NAN,0,NAN,NAN
2009,11,8,0,NAN,0,NAN,NAN
2009,11,9,0,NAN,0,NAN,NAN
2009,11,10,0,NAN,0,NAN,NAN
2009,11,11,0,NAN,0,NAN,NAN
2009,11,12,0,NAN,0,NAN,NAN
2009,11,13,0,NAN,0,NAN,NAN
2009,11,14,0,NAN,0,NAN,NAN
2009,11,15,0,NAN,0,NAN,NAN
2009,11,16,0,NAN,0,NAN,NAN
2009,11,17,0,NAN,0,NAN,NAN
2009,11,18,0,NAN,0,NAN,NAN
2009,11,19,8.3,NAN,NAN,NAN,NAN
2009,11,20,1.966666667,NAN,NAN,NAN,NAN
2009,11,21,1.766666667,NAN,0,NAN,NAN
2009,11,22,0,NAN,0,NAN,NAN
2009,11,23,0,NAN,0,NAN,NAN
2009,11,24,0.933333333,NAN,NAN,NAN,NAN
2009,11,25,0.166666667,NAN,0,NAN,NAN
2009,11,26,3.633333333,NAN,NAN,NAN,NAN
2009,11,27,5.266666667,13,NAN,5.3,NAN
2009,11,28,1.766666667,NAN,0,NAN,NAN
2009,11,29,0,NAN,0,NAN,NAN
2009,11,30,10.3,NAN,NAN,NAN,NAN
2009,12,1,2.233333333,NAN,4,NAN,NAN
2009,12,2,0,NAN,0,NAN,NAN
2009,12,3,21.35,NAN,NAN,NAN,NAN
2009,12,4,2.8,NAN,NAN,NAN,NAN
2009,12,5,0,NAN,0,NAN,NAN
2009,12,6,0,0,1.5,NAN,NAN
2009,12,7,0,41,0,2.8,NAN
2009,12,8,2.033333333,58.5,43.5,6.9,4.6
2009,12,9,9.233333333,0,12.5,NAN,NAN
2009,12,10,3.733333333,25,25.33333333,NAN,NAN
2009,12,11,3.3,12.5,62,0,8.9
2009,12,12,1.2,79,24.66666667,17,1.3
2009,12,13,4.166666667,34.5,0,14,0
2009,12,14,7.6,10,NAN,4.3,NAN
2009,12,15,1.366666667,0,0,0,0
2009,12,16,2.466666667,42,44.5,1,1
2009,12,17,0.4,51,9,NAN,NAN
2009,12,18,0,NAN,0,NAN,NAN
2009,12,19,1.366666667,47,37.33333333,0.8,0.8
2009,12,20,2.633333333,127,28.66666667,NAN,NAN
2009,12,21,1.15,104,34.5,4.8,1.8
2009,12,22,2.966666667,137,51,13.5,7.6
2009,12,23,0.4,109,5,8.4,0
2009,12,24,0,74,0,8.4,NAN
2009,12,25,0.833333333,71,0,10.7,0
2009,12,26,14.56666667,0,0,0,0
2009,12,27,0,0,0,0,0
2009,12,28,7.65,162.5,165,10.7,10.7
2009,12,29,5.766666667,193,76,18.8,10.4
2009,12,30,0.1,133,4.333333333,16.8,0
2009,12,31,2.1,130.3333333,17,15.7,0.5
2010,1,1,1.1,100.6666667,16,17.5,2
2010,1,2,4.45,193,141,17.3,3.3
2010,1,3,3.566666667,277,109,20.6,13.6
2010,1,4,15.56666667,597.6666667,387,34,19.05
2010,1,5,4.5,692.5,109,NAN,1.5
2010,1,6,9.966666667,584,122,NAN,15.5
2010,1,7,0.533333333,527,4.333333333,NAN,NAN
2010,1,8,3.9,546,66.33333333,NAN,NAN
2010,1,9,2.433333333,508,43.33333333,NAN,NAN
2010,1,10,0.266666667,445,6,NAN,NAN
2010,1,11,0,406,0,NAN,NAN
2010,1,12,1.25,419,33,NAN,2
2010,1,13,0.266666667,432,2.666666667,NAN,0
2010,1,14,0,416.6666667,0,153.4,NAN
2010,1,15,0.666666667,312.6666667,0,41.7,0
2010,1,16,0.25,202,0,37.3,0
2010,1,17,0,249,0,37.8,0
2010,1,18,0,153.5,0,31.5,0
2010,1,19,0,94,0,29,0
2010,1,20,0.1,191,0,NAN,0
2010,1,21,0,159,0,NAN,0
2010,1,22,0.1,152.5,0,NAN,0
2010,1,23,0.1,133,0,NAN,NAN
2010,1,24,0,114.5,0,NAN,0
2010,1,25,18.53333333,76.5,0,NAN,0
2010,1,26,2.133333333,32.33333333,17,0.3,0.3
2010,1,27,0.433333333,49.5,15.33333333,0.5,0.3
2010,1,28,3.033333333,109,97.5,5.8,5.8
2010,1,29,1,109.3333333,23.66666667,4.6,0
2010,1,30,0,127,0,NAN,NAN
2010,1,31,0,58.5,0,1.8,0
2010,2,1,0,NAN,0,NAN,NAN
2010,2,2,0,64,0,NAN,NAN
2010,2,3,0.7,82.5,20.33333333,NAN,1.3
2010,2,4,0.7,96.5,8.333333333,NAN,0
2010,2,5,0,NAN,0,NAN,NAN
2010,2,6,27.55,222.5,152.5,NAN,NAN
2010,2,7,0,191,0,NAN,NAN
2010,2,8,0,178,0,NAN,NAN
2010,2,9,0,165,0,NAN,NAN
2010,2,10,6.7,208,89.66666667,6.4,6.4
2010,2,11,7.3,272.6666667,115,21.1,7.4
2010,2,12,0.433333333,285.5,9.333333333,NAN,0.5
2010,2,13,0.433333333,273.5,14.33333333,NAN,NAN
2010,2,14,1.366666667,296,34.66666667,NAN,0.3
2010,2,15,0,343,0,NAN,0
2010,2,16,2.966666667,362,72.66666667,NAN,1.8
2010,2,17,1.966666667,374.5,49.33333333,NAN,0
2010,2,18,2.3,349,18.66666667,NAN,2.8
2010,2,19,0,254,0,NAN,NAN
2010,2,20,0,241,0,NAN,NAN
2010,2,21,0,216,0,NAN,NAN
2010,2,22,0,235,0,NAN,0
2010,2,23,4,190.5,0,NAN,0
2010,2,24,0.1,171.5,1.666666667,NAN,0
2010,2,25,1.166666667,184,12,NAN,0
2010,2,26,13.25,406,218.5,NAN,19.6
2010,2,27,7,374.5,124.3333333,NAN,5.8
2010,2,28,8.366666667,344,95.5,11.9,NAN
2010,3,1,0.166666667,400.5,7,NAN,0.5
2010,3,2,0,292,0,NAN,NAN
2010,3,3,0,368,0,NAN,0
2010,3,4,0,279,0,NAN,0
2010,3,5,0,267,0,NAN,NAN
2010,3,6,0,241,0,NAN,0
2010,3,7,0,229,0,NAN,0
2010,3,8,0,216,0,NAN,0
2010,3,9,0,178,0,NAN,0
2010,3,10,0.166666667,171.5,0,NAN,0
2010,3,11,0,51,0,NAN,NAN
2010,3,12,0.6,0,0,NAN,0
2010,3,13,0.833333333,0,0,NAN,NAN
2010,3,14,14.3,0,9,0,0
2010,3,15,1.7,0,0,0,0
2010,3,16,0.65,0,0,0,0
2010,3,17,0,0,0,0,0
2010,3,18,0,0,0,0,0
2010,3,19,0,NAN,0,NAN,NAN
2010,3,20,0,NAN,0,NAN,NAN
2010,3,21,0,NAN,0,NAN,NAN
2010,3,22,0.266666667,NAN,NAN,NAN,NAN
2010,3,23,16.76666667,NAN,NAN,NAN,NAN
2010,3,24,1.766666667,NAN,NAN,NAN,NAN
2010,3,25,0,NAN,0,NAN,NAN
2010,3,26,8.2,12.5,42.33333333,0,0
2010,3,27,0,NAN,0,NAN,NAN
2010,3,28,0,NAN,0,NAN,NAN
2010,3,29,7.8,NAN,NAN,NAN,NAN
2010,3,30,0.166666667,NAN,0,NAN,NAN
2010,3,31,0,NAN,0,NAN,NAN
2010,4,1,0,NAN,0,NAN,NAN
2010,4,2,0,NAN,0,NAN,NAN
2010,4,3,0,NAN,0,NAN,NAN
2010,4,4,0,NAN,0,NAN,NAN
2010,4,5,0.2,NAN,0,NAN,NAN
2010,4,6,3.3,NAN,NAN,NAN,NAN
2010,4,7,0,NAN,0,NAN,NAN
2010,4,8,5.433333333,NAN,NAN,NAN,NAN
2010,4,9,4.666666667,0,0,NAN,NAN
2010,4,10,0.933333333,0,6.5,NAN,NAN
2010,4,11,0,NAN,0,NAN,NAN
2010,4,12,0.4,NAN,0,NAN,NAN
2010,4,13,2.7,NAN,0,NAN,NAN
2010,4,14,0.5,NAN,0,NAN,NAN
2010,4,15,0,NAN,0,NAN,NAN
2010,4,16,0.166666667,NAN,0,NAN,NAN
2010,4,17,6.533333333,NAN,NAN,NAN,NAN
2010,4,18,1.266666667,0,0,NAN,NAN
2010,4,19,1.633333333,NAN,NAN,NAN,NAN
2010,4,20,0,NAN,0,NAN,NAN
2010,4,21,0.266666667,NAN,0,NAN,NAN
2010,4,22,0,NAN,0,NAN,NAN
2010,4,23,0,NAN,0,NAN,NAN
2010,4,24,0,NAN,0,NAN,NAN
2010,4,25,15.6,NAN,NAN,NAN,NAN
2010,4,26,18.26666667,NAN,NAN,NAN,NAN
2010,4,27,8.866666667,NAN,NAN,NAN,NAN
2010,4,28,0.166666667,NAN,0,NAN,NAN
2010,4,29,0,NAN,0,NAN,NAN
2010,4,30,0.6,NAN,0,NAN,NAN
2010,5,1,0,NAN,0,NAN,NAN
2010,5,2,0.766666667,NAN,NAN,NAN,NAN
2010,5,3,2.466666667,NAN,NAN,NAN,NAN
2010,5,4,1.3,NAN,NAN,NAN,NAN
2010,5,5,0,NAN,0,NAN,NAN
2010,5,6,14.5,NAN,NAN,NAN,NAN
2010,5,7,0,NAN,0,NAN,NAN
2010,5,8,9.15,NAN,NAN,NAN,NAN
2010,5,9,5.2,NAN,0,NAN,NAN
2010,5,10,1.15,NAN,0,NAN,NAN
2010,5,11,0,NAN,0,NAN,NAN
2010,5,12,18.96666667,NAN,NAN,NAN,NAN
2010,5,13,0.266666667,NAN,0,NAN,NAN
2010,5,14,20.36666667,NAN,NAN,NAN,NAN
2010,5,15,0.25,NAN,0,NAN,NAN
2010,5,16,0,NAN,0,NAN,NAN
2010,5,17,0,NAN,0,NAN,NAN
2010,5,18,7.133333333,NAN,NAN,NAN,NAN
2010,5,19,17,NAN,NAN,NAN,NAN
2010,5,20,0.166666667,NAN,0,NAN,NAN
2010,5,21,0,NAN,0,NAN,NAN
2010,5,22,3.466666667,NAN,NAN,NAN,NAN
2010,5,23,7.866666667,NAN,NAN,NAN,NAN
2010,5,24,0,NAN,0,NAN,NAN
2010,5,25,0,NAN,0,NAN,NAN
2010,5,26,0,NAN,0,NAN,NAN
2010,5,27,0,NAN,0,NAN,NAN
2010,5,28,0,NAN,0,NAN,NAN
2010,5,29,0,NAN,0,NAN,NAN
2010,5,30,0,NAN,0,NAN,NAN
2010,5,31,0,NAN,0,NAN,NAN
2010,6,1,30.33333333,NAN,NAN,NAN,NAN
2010,6,2,1.366666667,NAN,0,NAN,NAN
2010,6,3,1.266666667,NAN,NAN,NAN,NAN
2010,6,4,0,NAN,0,NAN,NAN
2010,6,5,7.4,NAN,NAN,NAN,NAN
2010,6,6,36.63333333,NAN,NAN,NAN,NAN
2010,6,7,3.533333333,NAN,NAN,NAN,NAN
2010,6,8,0,NAN,0,NAN,NAN
2010,6,9,2.15,NAN,NAN,NAN,NAN
2010,6,10,5.6,NAN,NAN,NAN,NAN
2010,6,11,0,NAN,0,NAN,NAN
2010,6,12,0,NAN,0,NAN,NAN
2010,6,13,0.25,NAN,NAN,NAN,NAN
2010,6,14,0.433333333,NAN,0,NAN,NAN
2010,6,15,1.933333333,NAN,0,NAN,NAN
2010,6,16,0.333333333,NAN,0,NAN,NAN
2010,6,17,0,NAN,0,NAN,NAN
2010,6,18,0,NAN,0,NAN,NAN
2010,6,19,0,NAN,0,NAN,NAN
2010,6,20,1.25,NAN,0,NAN,NAN
2010,6,21,0,NAN,0,NAN,NAN
2010,6,22,2.1,NAN,0,NAN,NAN
2010,6,23,1.266666667,NAN,0,NAN,NAN
2010,6,24,16.5,NAN,NAN,NAN,NAN
2010,6,25,4.666666667,NAN,NAN,NAN,NAN
2010,6,26,0,NAN,0,NAN,NAN
2010,6,27,0.433333333,NAN,NAN,NAN,NAN
2010,6,28,15.73333333,NAN,NAN,NAN,NAN
2010,6,29,8.366666667,NAN,NAN,NAN,NAN
2010,6,30,0,NAN,0,NAN,NAN
2010,7,1,0,NAN,0,NAN,NAN
2010,7,2,0,NAN,0,NAN,NAN
2010,7,3,0,NAN,0,NAN,NAN
2010,7,4,0,NAN,0,NAN,NAN
2010,7,5,0,NAN,0,NAN,NAN
2010,7,6,0,NAN,0,NAN,NAN
2010,7,7,0,NAN,0,NAN,NAN
2010,7,8,0,NAN,0,NAN,NAN
2010,7,9,6.6,NAN,0,NAN,NAN
2010,7,10,16.93333333,NAN,NAN,NAN,NAN
2010,7,11,0,NAN,0,NAN,NAN
2010,7,12,0.5,NAN,0,NAN,NAN
2010,7,13,21.66666667,NAN,NAN,NAN,NAN
2010,7,14,0.166666667,NAN,0,NAN,NAN
2010,7,15,0,NAN,0,NAN,NAN
2010,7,16,0.766666667,NAN,0,NAN,NAN
2010,7,17,0,NAN,0,NAN,NAN
2010,7,18,2.533333333,NAN,0,NAN,NAN
2010,7,19,6.033333333,NAN,0,NAN,NAN
2010,7,20,4,NAN,NAN,NAN,NAN
2010,7,21,0.166666667,NAN,0,NAN,NAN
2010,7,22,0,NAN,0,NAN,NAN
2010,7,23,3.266666667,NAN,NAN,NAN,NAN
2010,7,24,28.86666667,NAN,NAN,NAN,NAN
2010,7,25,3.633333333,NAN,NAN,NAN,NAN
2010,7,26,8.8,NAN,0,NAN,NAN
2010,7,27,0,NAN,0,NAN,NAN
2010,7,28,0,NAN,0,NAN,NAN
2010,7,29,15.13333333,NAN,NAN,NAN,NAN
2010,7,30,0,NAN,0,NAN,NAN
2010,7,31,0,NAN,0,NAN,NAN
2010,8,1,0.9,NAN,NAN,NAN,NAN
2010,8,2,0,NAN,0,NAN,NAN
2010,8,3,0,NAN,0,NAN,NAN
2010,8,4,0,NAN,0,NAN,NAN
2010,8,5,5.5,NAN,NAN,NAN,NAN
2010,8,6,8.633333333,NAN,NAN,NAN,NAN
2010,8,7,1.633333333,NAN,0,NAN,NAN
2010,8,8,0,NAN,0,NAN,NAN
2010,8,9,0,NAN,0,NAN,NAN
2010,8,10,0.4,NAN,0,NAN,NAN
2010,8,11,0,NAN,0,NAN,NAN
2010,8,12,11.83333333,NAN,NAN,NAN,NAN
2010,8,13,0.25,NAN,0,NAN,NAN
2010,8,14,0,NAN,0,NAN,NAN
2010,8,15,11.03333333,NAN,0,NAN,NAN
2010,8,16,0.166666667,NAN,0,NAN,NAN
2010,8,17,0,NAN,0,NAN,NAN
2010,8,18,0,NAN,0,NAN,NAN
2010,8,19,0,NAN,0,NAN,NAN
2010,8,20,0,NAN,0,NAN,NAN
2010,8,21,0,NAN,0,NAN,NAN
2010,8,22,25.63333333,NAN,NAN,NAN,NAN
2010,8,23,6.766666667,NAN,NAN,NAN,NAN
2010,8,24,0.866666667,NAN,NAN,NAN,NAN
2010,8,25,0.1,NAN,0,NAN,NAN
2010,8,26,0.25,NAN,0,NAN,NAN
2010,8,27,0,NAN,0,NAN,NAN
2010,8,28,0,NAN,0,NAN,NAN
2010,8,29,0,NAN,0,NAN,NAN
2010,8,30,0,NAN,0,NAN,NAN
2010,8,31,0,NAN,0,NAN,NAN
2010,9,1,0,NAN,0,NAN,NAN
2010,9,2,0,NAN,0,NAN,NAN
2010,9,3,0,NAN,0,NAN,NAN
2010,9,4,9.666666667,NAN,NAN,NAN,NAN
2010,9,5,1.533333333,NAN,NAN,NAN,NAN
2010,9,6,0,NAN,0,NAN,NAN
2010,9,7,0,NAN,0,NAN,NAN
2010,9,8,11.16666667,NAN,NAN,NAN,NAN
2010,9,9,0,NAN,0,NAN,NAN
2010,9,10,0,NAN,0,NAN,NAN
2010,9,11,0,NAN,0,NAN,NAN
2010,9,12,8.133333333,NAN,NAN,NAN,NAN
2010,9,13,0,NAN,0,NAN,NAN
2010,9,14,0,NAN,0,NAN,NAN
2010,9,15,0,NAN,0,NAN,NAN
2010,9,16,0,NAN,0,NAN,NAN
2010,9,17,41,NAN,NAN,NAN,NAN
2010,9,18,0.266666667,NAN,0,NAN,NAN
2010,9,19,0.333333333,NAN,NAN,NAN,NAN
2010,9,20,0.25,NAN,0,NAN,NAN
2010,9,21,0,NAN,0,NAN,NAN
2010,9,22,2.3,NAN,0,NAN,NAN
2010,9,23,5,NAN,0,NAN,NAN
2010,9,24,0.766666667,NAN,0,NAN,NAN
2010,9,25,0.15,NAN,0,NAN,NAN
2010,9,26,0,NAN,0,NAN,NAN
2010,9,27,0.1,NAN,0,NAN,NAN
2010,9,28,9.066666667,NAN,NAN,NAN,NAN
2010,9,29,22.2,NAN,NAN,NAN,NAN
2010,9,30,0.333333333,NAN,0,NAN,NAN
2010,10,1,0,NAN,0,NAN,NAN
2010,10,2,0.166666667,NAN,0,NAN,NAN
2010,10,3,23.7,NAN,NAN,NAN,NAN
2010,10,4,5,NAN,NAN,NAN,NAN
2010,10,5,8.666666667,NAN,NAN,NAN,NAN
2010,10,6,7.7,NAN,NAN,NAN,NAN
2010,10,7,2.6,NAN,NAN,NAN,NAN
2010,10,8,0,NAN,0,NAN,NAN
2010,10,9,0,NAN,0,NAN,NAN
2010,10,10,0,NAN,0,NAN,NAN
2010,10,11,0,NAN,0,NAN,NAN
2010,10,12,2.866666667,NAN,0,NAN,NAN
2010,10,13,0,NAN,0,NAN,NAN
2010,10,14,5.266666667,NAN,NAN,NAN,NAN
2010,10,15,17.66666667,NAN,NAN,NAN,NAN
2010,10,16,1.433333333,NAN,0,NAN,NAN
2010,10,17,0,NAN,0,NAN,NAN
2010,10,18,0,NAN,0,NAN,NAN
2010,10,19,3.3,NAN,NAN,NAN,NAN
2010,10,20,0.6,NAN,0,NAN,NAN
2010,10,21,6.766666667,NAN,NAN,NAN,NAN
2010,10,22,3.566666667,NAN,NAN,NAN,NAN
2010,10,23,0.1,NAN,0,NAN,NAN
2010,10,24,0.65,NAN,NAN,NAN,NAN
2010,10,25,2.033333333,NAN,NAN,NAN,NAN
2010,10,26,0.266666667,NAN,0,NAN,NAN
2010,10,27,16.33333333,NAN,0,NAN,NAN
2010,10,28,0.166666667,NAN,0,NAN,NAN
2010,10,29,9.133333333,NAN,NAN,NAN,NAN
2010,10,30,1.366666667,NAN,NAN,NAN,NAN
2010,10,31,0.1,NAN,0,NAN,NAN
2010,11,1,0,NAN,0,NAN,NAN
2010,11,2,0,NAN,0,NAN,NAN
2010,11,3,0,NAN,0,NAN,NAN
2010,11,4,1.166666667,NAN,NAN,NAN,NAN
2010,11,5,14.2,NAN,NAN,NAN,NAN
2010,11,6,5.766666667,13,22.5,NAN,NAN
2010,11,7,2.033333333,0,0,NAN,NAN
2010,11,8,1.266666667,NAN,0,NAN,NAN
2010,11,9,0,NAN,0,NAN,NAN
2010,11,10,0,NAN,0,NAN,NAN
2010,11,11,0,NAN,0,NAN,NAN
2010,11,12,0,NAN,0,NAN,NAN
2010,11,13,0,NAN,0,NAN,NAN
2010,11,14,0.766666667,NAN,0,NAN,NAN
2010,11,15,1.2,NAN,0,NAN,NAN
2010,11,16,0,NAN,0,NAN,NAN
2010,11,17,22.26666667,NAN,NAN,NAN,NAN
2010,11,18,1.05,NAN,NAN,NAN,NAN
2010,11,19,3.2,NAN,NAN,NAN,NAN
2010,11,20,0.166666667,NAN,0,NAN,NAN
2010,11,21,0,NAN,0,NAN,NAN
2010,11,22,0,NAN,0,NAN,NAN
2010,11,23,14.35,NAN,NAN,NAN,NAN
2010,11,24,0,NAN,0,NAN,NAN
2010,11,25,10.65,NAN,NAN,NAN,NAN
2010,11,26,17.9,NAN,NAN,NAN,NAN
2010,11,27,2.8,21.5,28,5.3,2.8
2010,11,28,0.25,0,6.5,NAN,0.5
2010,11,29,0,NAN,0,NAN,NAN
2010,11,30,22.93333333,NAN,NAN,NAN,NAN
2010,12,1,26.93333333,12,14,1.8,1.65
2010,12,2,0.4,25,6.5,NAN,NAN
2010,12,3,0.5,25,11.5,NAN,NAN
2010,12,4,1.65,44.5,43,NAN,NAN
2010,12,5,3.15,83,57.5,NAN,NAN
2010,12,6,6,182,94,NAN,NAN
2010,12,7,8.75,343,207,NAN,NAN
2010,12,8,1.766666667,317.5,43.33333333,NAN,1.8
2010,12,9,4.3,387.5,111.6666667,NAN,1.8
2010,12,10,2.9,292,12.66666667,NAN,2.3
2010,12,11,0.266666667,251.5,5,NAN,NAN
2010,12,12,4.6,203.5,10,NAN,NAN
2010,12,13,12.15,273,142,NAN,NAN
2010,12,14,6.85,387.5,184,NAN,NAN
2010,12,15,0.55,336.5,25.5,NAN,NAN
2010,12,16,0.433333333,298.5,15.33333333,NAN,0
2010,12,17,0,254,0,NAN,NAN
2010,12,18,0.9,192,24,25.9,1.8
2010,12,19,0.15,229,1.5,NAN,NAN
2010,12,20,0.3,247.5,10.5,NAN,NAN
2010,12,21,1.15,266.5,24,NAN,NAN
2010,12,22,0,248,0,NAN,NAN
2010,12,23,3,254,29,NAN,NAN
2010,12,24,0.1,187,4.333333333,18.5,NAN
2010,12,25,0.15,235,4,NAN,NAN
2010,12,26,0.4,229,5.5,NAN,NAN
2010,12,27,1.5,229,41,NAN,NAN
2010,12,28,0.55,247.5,12.5,NAN,NAN
2010,12,29,0.15,235,0,NAN,NAN
2010,12,30,0,178,0,NAN,NAN
2009,12,31,0.8,165,0,NAN,NAN
2011,1,1,7.85,0,0,NAN,NAN
2011,1,2,5.85,0,0,NAN,NAN
2011,1,3,0,0,0,NAN,NAN
2011,1,4,0,0,0,NAN,NAN
2011,1,5,0.5,30.5,20.33333333,1.5,1.5
2011,1,6,0.75,13,11.5,NAN,NAN
2011,1,7,8.55,203,193,NAN,NAN
2011,1,8,1.65,165.5,30.5,NAN,NAN
2011,1,9,2.65,197,99,NAN,NAN
2011,1,10,0,158.5,0,NAN,NAN
2011,1,11,0,140,2.5,NAN,NAN
2011,1,12,7.2,246.3333333,138.6666667,33,8.4
2011,1,13,3.566666667,331,147.3333333,39.4,5.3
2011,1,14,1.266666667,309.6666667,42.33333333,40.4,1.8
2011,1,15,1.366666667,273.5,31.66666667,NAN,1.8
2011,1,16,0.4,258,19,NAN,NAN
2011,1,17,0,219.5,4,NAN,NAN
2011,1,18,0.333333333,196.5,0,NAN,NAN
2011,1,19,1.166666667,152.5,3.666666667,NAN,NAN
2011,1,20,1.033333333,229,24.66666667,NAN,0.5
2011,1,21,3.7,235,91.66666667,NAN,5.3
2011,1,22,0.75,178,16.5,NAN,NAN
2011,1,23,1.033333333,235,39.66666667,NAN,1.3
2011,1,24,0.1,209.5,1.666666667,NAN,NAN
2011,1,25,0.433333333,216,14.66666667,NAN,0.3
2011,1,26,0,190.5,0,NAN,NAN
2011,1,27,0.333333333,197,10.5,NAN,NAN
2011,1,28,3.833333333,216,50,NAN,7.4
2011,1,29,1.866666667,241.5,50.66666667,NAN,2.3
2011,1,30,1.4,235,28,NAN,NAN
2011,1,31,0,222,0,NAN,NAN
2011,2,1,6.666666667,298.5,112.6666667,NAN,5.3
2011,2,2,15.36666667,279.5,19,NAN,NAN
2011,2,3,2.7,324,61,NAN,3
2011,2,4,0.1,273.5,0,NAN,NAN
2011,2,5,0,292,0,NAN,NAN
2011,2,6,6.6,330,82.33333333,NAN,6.9
2011,2,7,0.1,311.5,0,NAN,0
2011,2,8,4,374.5,83,NAN,4.6
2011,2,9,0.7,349.5,19.33333333,NAN,1.8
2011,2,10,0,324,4.333333333,NAN,0
2011,2,11,0.1,298.5,0,NAN,NAN
2011,2,12,2.033333333,311,40.33333333,NAN,3.3
2011,2,13,0.533333333,292,18,NAN,0.8
2011,2,14,0,209.5,0,NAN,NAN
2011,2,15,0.166666667,171.5,1.666666667,NAN,NAN
2011,2,16,0,191,0,NAN,NAN
2011,2,17,0,140,0,NAN,NAN
2011,2,18,0,0,0,NAN,NAN
2011,2,19,0,0,0,NAN,NAN
2011,2,20,0,0,0,NAN,NAN
2011,2,21,21.85,76,157.5,NAN,18
2011,2,22,0,76,5,NAN,NAN
2011,2,23,0,51,0,NAN,NAN
2011,2,24,0.25,51,0,NAN,0
2011,2,25,11.05,178,95,NAN,9.4
2011,2,26,8.5,229,147,NAN,10.4
2011,2,27,1.65,216,27,NAN,3.3
2011,2,28,34.3,51,0,NAN,NAN
2011,3,1,0.766666667,38,0,NAN,NAN
2011,3,2,0,38,0,NAN,NAN
2011,3,3,0,38,0,NAN,NAN
2011,3,4,0.25,25,0,NAN,NAN
2011,3,5,19.36666667,0,0,NAN,NAN
2011,3,6,17.13333333,51,46.66666667,7.6,7.6
2011,3,7,0.1,12.5,1.666666667,0,0
2011,3,8,0,13,0,NAN,0
2011,3,9,0.333333333,0,0,0,0
2011,3,10,21.6,0,0,0,0
2011,3,11,23.5,102,141,NAN,NAN
2011,3,12,10.8,209.5,165,NAN,NAN
2011,3,13,0.1,63.5,0,NAN,0
2011,3,14,0.1,58.5,1.5,NAN,0
2011,3,15,0.1,51,1.666666667,NAN,0
2011,3,16,4.666666667,12.5,0,0,0
2011,3,17,0.433333333,0,0,NAN,NAN
2011,3,18,0.1,0,0,0,0
2011,3,19,0,0,0,NAN,NAN
2011,3,20,0,0,0,NAN,NAN
2011,3,21,8.733333333,0,0,NAN,NAN
2011,3,22,0.1,0,0,0,0
2011,3,23,6.766666667,5,5,6.9,6.9
2011,3,24,5.4,18,6.5,8.9,0
2011,3,25,0,0,1.666666667,0,0
2011,3,26,0,0,0,NAN,NAN
2011,3,27,0,0,0,NAN,NAN
2011,3,28,0,0,0,NAN,NAN
2011,3,29,0,0,0,NAN,NAN
2011,3,30,0,0,0,NAN,NAN
2011,3,31,6,77.5,86.33333333,3.8,3.8
2011,4,1,0.166666667,19,0,NAN,0
2011,4,2,0,0,0,NAN,NAN
2011,4,3,0,0,0,NAN,NAN
2011,4,4,1.1,0,0,NAN,NAN
2011,4,5,31.4,0,0,NAN,NAN
2011,4,6,0.366666667,0,0,NAN,NAN
2011,4,7,9.233333333,0,0,0,0
2011,4,8,3.733333333,0,0,NAN,NAN
2011,4,9,5.333333333,0,0,NAN,NAN
2011,4,10,0,0,0,NAN,NAN
2011,4,11,0,0,0,NAN,NAN
2011,4,12,3.55,0,0,NAN,NAN
2011,4,13,1.766666667,0,0,NAN,NAN
2011,4,14,0,0,0,NAN,NAN
2011,4,15,0,0,0,NAN,NAN
2011,4,16,4.033333333,0,0,NAN,NAN
2011,4,17,14.2,0,0,NAN,NAN
2011,4,18,1.433333333,0,0,NAN,NAN
2011,4,19,4.933333333,0,0,NAN,NAN
2011,4,20,25.3,0,0,NAN,NAN
2011,4,21,2.3,0,0,NAN,NAN
2011,4,22,0,0,0,NAN,NAN
2011,4,23,31.9,0,0,NAN,NAN
2011,4,24,2.266666667,NAN,NAN,NAN,NAN
2011,4,25,3.15,0,0,NAN,NAN
2011,4,26,15.6,0,0,NAN,NAN
2011,4,27,0.333333333,0,0,NAN,NAN
2011,4,28,0.8,0,0,NAN,NAN
2011,4,29,3.533333333,NAN,NAN,NAN,NAN
2011,4,30,2.8,0,0,NAN,NAN
2011,5,1,0.366666667,0,0,NAN,NAN
2011,5,2,6.166666667,0,0,NAN,NAN
2011,5,3,6.466666667,0,0,NAN,NAN
2011,5,4,15.33333333,0,0,NAN,NAN
2011,5,5,0.666666667,0,0,NAN,NAN
2011,5,6,0,0,0,NAN,NAN
2011,5,7,4.133333333,0,0,NAN,NAN
2011,5,8,0,NAN,0,NAN,NAN
2011,5,9,0,NAN,0,NAN,NAN
2011,5,10,0,NAN,0,NAN,NAN
2011,5,11,0.766666667,NAN,0,NAN,NAN
2011,5,12,0.166666667,NAN,0,NAN,NAN
2011,5,13,10.06666667,NAN,0,NAN,NAN
2011,5,14,13.36666667,NAN,NAN,NAN,NAN
2011,5,15,8.2,NAN,NAN,NAN,NAN
2011,5,16,18.5,NAN,NAN,NAN,NAN
2011,5,17,1.366666667,NAN,NAN,NAN,NAN
2011,5,18,3.066666667,NAN,NAN,NAN,NAN
2011,5,19,14.66666667,NAN,NAN,NAN,NAN
2011,5,20,0.766666667,NAN,NAN,NAN,NAN
2011,5,21,0.1,NAN,0,NAN,NAN
2011,5,22,0.266666667,NAN,0,NAN,NAN
2011,5,23,0.433333333,NAN,0,NAN,NAN
2011,5,24,28.3,NAN,NAN,NAN,NAN
2011,5,25,0.166666667,NAN,0,NAN,NAN
2011,5,26,32,NAN,NAN,NAN,NAN
2011,5,27,23.8,NAN,NAN,NAN,NAN
2011,5,28,0.4,NAN,NAN,NAN,NAN
2011,5,29,4.2,NAN,NAN,NAN,NAN
2011,5,30,8.15,NAN,NAN,NAN,NAN
2011,5,31,0,NAN,0,NAN,NAN
2011,6,1,0,NAN,0,NAN,NAN
2011,6,2,0,NAN,0,NAN,NAN
2011,6,3,0,NAN,0,NAN,NAN
2011,6,4,0,NAN,0,NAN,NAN
2011,6,5,1,NAN,0,NAN,NAN
2011,6,6,0,NAN,0,NAN,NAN
2011,6,7,1.2,NAN,0,NAN,NAN
2011,6,8,16.93333333,NAN,NAN,NAN,NAN
2011,6,9,0,NAN,0,NAN,NAN
2011,6,10,0,NAN,0,NAN,NAN
2011,6,11,1.25,NAN,NAN,NAN,NAN
2011,6,12,3.3,NAN,NAN,NAN,NAN
2011,6,13,0,NAN,0,NAN,NAN
2011,6,14,0.6,NAN,0,NAN,NAN
2011,6,15,0,NAN,0,NAN,NAN
2011,6,16,0,NAN,0,NAN,NAN
2011,6,17,14.06666667,NAN,NAN,NAN,NAN
2011,6,18,0,NAN,0,NAN,NAN
2011,6,19,0,NAN,0,NAN,NAN
2011,6,20,9.666666667,NAN,0,NAN,NAN
2011,6,21,3.733333333,NAN,NAN,NAN,NAN
2011,6,22,17.73333333,NAN,NAN,NAN,NAN
2011,6,23,4.833333333,NAN,NAN,NAN,NAN
2011,6,24,13.1,NAN,NAN,NAN,NAN
2011,6,25,8.3,NAN,NAN,NAN,NAN
2011,6,26,0.266666667,NAN,0,NAN,NAN
2011,6,27,0,NAN,0,NAN,NAN
2011,6,28,0,NAN,0,NAN,NAN
2011,6,29,0,NAN,0,NAN,NAN
2011,6,30,0,NAN,0,NAN,NAN
2011,7,1,0,NAN,0,NAN,NAN
2011,7,2,0.833333333,NAN,0,NAN,NAN
2011,7,3,13.9,NAN,NAN,NAN,NAN
2011,7,4,0,NAN,0,NAN,NAN
2011,7,5,0,NAN,0,NAN,NAN
2011,7,6,0,NAN,0,NAN,NAN
2011,7,7,0,NAN,0,NAN,NAN
2011,7,8,1.366666667,NAN,0,NAN,NAN
2011,7,9,0.6,NAN,0,NAN,NAN
2011,7,10,0,NAN,0,NAN,NAN
2011,7,11,0,NAN,0,NAN,NAN
2011,7,12,1.8,NAN,NAN,NAN,NAN
2011,7,13,1,NAN,NAN,NAN,NAN
2011,7,14,0.8,NAN,NAN,NAN,NAN
2011,7,15,0,NAN,0,NAN,NAN
2011,7,16,0,NAN,0,NAN,NAN
2011,7,17,0,NAN,0,NAN,NAN
2011,7,18,0,NAN,0,NAN,NAN
2011,7,19,11.1,NAN,NAN,NAN,NAN
2011,7,20,0,NAN,0,NAN,NAN
2011,7,21,0,NAN,0,NAN,NAN
2011,7,22,0,NAN,0,NAN,NAN
2011,7,23,17.03333333,NAN,0,NAN,NAN
2011,7,24,6.933333333,NAN,NAN,NAN,NAN
2011,7,25,0,NAN,0,NAN,NAN
2011,7,26,0,NAN,0,NAN,NAN
2011,7,27,0,NAN,0,NAN,NAN
2011,7,28,15.5,NAN,NAN,NAN,NAN
2011,7,29,2.866666667,NAN,NAN,NAN,NAN
2011,7,30,3.733333333,NAN,NAN,NAN,NAN
2011,7,31,0,NAN,0,NAN,NAN
2011,8,1,0,NAN,0,NAN,NAN
2011,8,2,17.1,NAN,0,NAN,NAN
2011,8,3,6.45,NAN,NAN,NAN,NAN
2011,8,4,4.766666667,NAN,NAN,NAN,NAN
2011,8,5,0,NAN,0,NAN,NAN
2011,8,6,0,NAN,0,NAN,NAN
2011,8,7,3.133333333,NAN,0,NAN,NAN
2011,8,8,8.633333333,NAN,NAN,NAN,NAN
2011,8,9,6.266666667,NAN,NAN,NAN,NAN
2011,8,10,9.233333333,NAN,NAN,NAN,NAN
2011,8,11,1.866666667,NAN,NAN,NAN,NAN
2011,8,12,0,NAN,0,NAN,NAN
2011,8,13,0,NAN,0,NAN,NAN
2011,8,14,1.8,NAN,0,NAN,NAN
2011,8,15,19.46666667,NAN,NAN,NAN,NAN
2011,8,16,7.033333333,NAN,NAN,NAN,NAN
2011,8,17,0,NAN,0,NAN,NAN
2011,8,18,0,NAN,0,NAN,NAN
2011,8,19,5.7,NAN,NAN,NAN,NAN
2011,8,20,0,NAN,0,NAN,NAN
2011,8,21,6.733333333,NAN,NAN,NAN,NAN
2011,8,22,5.833333333,NAN,NAN,NAN,NAN
2011,8,23,0,NAN,0,NAN,NAN
2011,8,24,3.3,NAN,0,NAN,NAN
2011,8,25,29.3,NAN,NAN,NAN,NAN
2011,8,26,0,NAN,0,NAN,NAN
2011,8,27,0,NAN,0,NAN,NAN
2011,8,28,0,NAN,0,NAN,NAN
2011,8,29,0.166666667,NAN,0,NAN,NAN
2011,8,30,0,NAN,0,NAN,NAN
2011,8,31,0,NAN,0,NAN,NAN
2011,9,1,9.4,NAN,NAN,NAN,NAN
2011,9,2,0.65,NAN,NAN,NAN,NAN
2011,9,3,0,NAN,0,NAN,NAN
2011,9,4,6.533333333,NAN,NAN,NAN,NAN
2011,9,5,20.13333333,NAN,NAN,NAN,NAN
2011,9,6,0.5,NAN,NAN,NAN,NAN
2011,9,7,1.6,NAN,NAN,NAN,NAN
2011,9,8,3.466666667,NAN,0,NAN,NAN
2011,9,9,0.25,NAN,0,NAN,NAN
2011,9,10,18.63333333,NAN,NAN,NAN,NAN
2011,9,11,11.6,NAN,0,NAN,NAN
2011,9,12,3.466666667,NAN,0,NAN,NAN
2011,9,13,2.366666667,NAN,0,NAN,NAN
2011,9,14,0,NAN,0,NAN,NAN
2011,9,15,9.9,NAN,NAN,NAN,NAN
2011,9,16,3.366666667,NAN,0,NAN,NAN
2011,9,17,0,NAN,0,NAN,NAN
2011,9,18,0,NAN,0,NAN,NAN
2011,9,19,0.166666667,NAN,0,NAN,NAN
2011,9,20,20.43333333,NAN,NAN,NAN,NAN
2011,9,21,0.333333333,NAN,0,NAN,NAN
2011,9,22,14.36666667,NAN,NAN,NAN,NAN
2011,9,23,0.166666667,NAN,0,NAN,NAN
2011,9,24,9.733333333,NAN,NAN,NAN,NAN
2011,9,25,0.166666667,NAN,0,NAN,NAN
2011,9,26,0.6,NAN,0,NAN,NAN
2011,9,27,25.03333333,NAN,NAN,NAN,NAN
2011,9,28,0.166666667,NAN,0,NAN,NAN
2011,9,29,0.933333333,NAN,0,NAN,NAN
2011,9,30,3.4,NAN,NAN,NAN,NAN
2011,10,1,27.15,NAN,NAN,NAN,NAN
2011,10,2,4.55,NAN,NAN,NAN,NAN
2011,10,3,13.3,NAN,NAN,NAN,NAN
2011,10,4,5.5,NAN,NAN,NAN,NAN
2011,10,5,0.166666667,NAN,0,NAN,NAN
2011,10,6,0,NAN,0,NAN,NAN
2011,10,7,0,NAN,0,NAN,NAN
2011,10,8,0,NAN,0,NAN,NAN
2011,10,9,0,NAN,0,NAN,NAN
2011,10,10,0,NAN,0,NAN,NAN
2011,10,11,0,NAN,0,NAN,NAN
2011,10,12,0.5,NAN,NAN,NAN,NAN
2011,10,13,9.9,NAN,NAN,NAN,NAN
2011,10,14,21.76666667,NAN,NAN,NAN,NAN
2011,10,15,7.866666667,NAN,NAN,NAN,NAN
2011,10,16,8.7,NAN,NAN,NAN,NAN
2011,10,17,10.23333333,NAN,NAN,NAN,NAN
2011,10,18,0,NAN,0,NAN,NAN
2011,10,19,7.966666667,NAN,NAN,NAN,NAN
2011,10,20,23.86666667,NAN,NAN,NAN,NAN
2011,10,21,20.23333333,NAN,NAN,NAN,NAN
2011,10,22,2.95,NAN,NAN,NAN,NAN
2011,10,23,0,NAN,0,NAN,NAN
2011,10,24,0.433333333,NAN,0,NAN,NAN
2011,10,25,2.05,NAN,NAN,NAN,NAN
2011,10,26,8.633333333,NAN,NAN,NAN,NAN
2011,10,27,9.3,NAN,NAN,NAN,NAN
2011,10,28,8.5,NAN,0,NAN,NAN
2011,10,29,0,NAN,0,NAN,NAN
2011,10,30,0.433333333,NAN,0,NAN,NAN
2011,10,31,0,NAN,0,NAN,NAN
2011,11,1,0.766666667,NAN,NAN,NAN,NAN
2011,11,2,0,NAN,0,NAN,NAN
2011,11,3,0,NAN,0,NAN,NAN
2011,11,4,0,NAN,0,NAN,NAN
2011,11,5,0,NAN,0,NAN,NAN
2011,11,6,0,NAN,0,NAN,NAN
2011,11,7,0,NAN,0,NAN,NAN
2011,11,8,0,NAN,0,NAN,NAN
2011,11,9,0,NAN,0,NAN,NAN
2011,11,10,1.7,NAN,NAN,NAN,NAN
2011,11,11,4.5,76,38,NAN,NAN
2011,11,12,1.2,25,8.333333333,NAN,NAN
2011,11,13,0,NAN,0,NAN,NAN
2011,11,14,1,NAN,NAN,NAN,NAN
2011,11,15,34.96666667,NAN,NAN,NAN,NAN
2011,11,16,0.166666667,NAN,0,NAN,NAN
2011,11,17,0,NAN,0,NAN,NAN
2011,11,18,1.1,38,23,NAN,1
2011,11,19,0,NAN,0,NAN,NAN
2011,11,20,0.3,NAN,NAN,NAN,NAN
2011,11,21,0,NAN,0,NAN,NAN
2011,11,22,0,NAN,0,NAN,NAN
2011,11,23,21.75,NAN,NAN,NAN,NAN
2011,11,24,1.9,NAN,0,NAN,NAN
2011,11,25,0,NAN,0,NAN,NAN
2011,11,26,0,NAN,0,NAN,NAN
2011,11,27,0,NAN,0,NAN,NAN
2011,11,28,14.5,NAN,NAN,NAN,NAN
2011,11,29,11.3,NAN,NAN,NAN,NAN
2011,11,30,9.95,0,0,NAN,NAN
2011,12,1,3.233333333,25,21,NAN,NAN
2011,12,2,0,0,0,NAN,NAN
2011,12,3,0,0,0,NAN,NAN
2011,12,4,0,0,0,NAN,NAN
2011,12,5,7.466666667,0,0,NAN,NAN
2011,12,6,28.2,0,0,NAN,NAN
2011,12,7,1.166666667,0,0,NAN,NAN
2011,12,8,0.4,0,0,NAN,NAN
2011,12,9,0.866666667,13,11,NAN,0.9
2011,12,10,1.866666667,30.5,34,4.3,4.3
2011,12,11,0.433333333,25,8.333333333,NAN,NAN
2011,12,12,0,0,0,NAN,NAN
2011,12,13,0,NAN,0,NAN,NAN
2011,12,14,0,0,0,NAN,NAN
2011,12,15,13.86666667,0,0,NAN,NAN
2011,12,16,6,0,0,NAN,NAN
2011,12,17,0,0,0,NAN,NAN
2011,12,18,#NAME?,75.33333333,82.33333333,3.3,4.3
2011,12,19,0,43,0,8.6,0
2011,12,20,1.8,0,0,NAN,NAN
2011,12,21,12.8,0,0,NAN,NAN
2011,12,22,12.2,0,0,NAN,NAN
2011,12,23,9.15,0,0,NAN,NAN
2011,12,24,0.266666667,6.5,7.5,0,0
2011,12,25,0,0,0,NAN,NAN
2011,12,26,0.266666667,0,0,NAN,NAN
2011,12,27,0,0,0,NAN,NAN
2011,12,28,18.63333333,152.5,75.33333333,6.9,6.9
2011,12,29,0.6,66.66666667,4.333333333,0.8,0
2011,12,30,0.65,25.5,0,0,0
2011,12,31,2.4,0,0,NAN,NAN
2012,1,1,0.8,0,0,NAN,NAN
2012,1,2,7.6,73.5,76,17.5,17.5
2012,1,3,11.3,152,102,NAN,NAN
2012,1,4,3.05,152.5,104.5,NAN,NAN
2012,1,5,0,114.5,0,NAN,NAN
2012,1,6,0,89,0,NAN,NAN
2012,1,7,0,0,0,NAN,NAN
2012,1,8,0,0,0,NAN,NAN
2012,1,9,0,0,0,NAN,NAN
2012,1,10,0,0,0,NAN,NAN
2012,1,11,0,NAN,0,NAN,NAN
2012,1,12,7,0,0,NAN,NAN
2012,1,13,3.4,13,39.5,NAN,NAN
2012,1,14,3.45,95,83,NAN,NAN
2012,1,15,1.15,120.5,53.5,NAN,NAN
2012,1,16,0,70,0,NAN,NAN
2012,1,17,1.3,0,0,NAN,NAN
2012,1,18,12.7,127,98,NAN,NAN
2012,1,19,0,57,2.5,NAN,NAN
2012,1,20,3.533333333,94,65.33333333,4.3,4.3
2012,1,21,4.233333333,146,38.33333333,NAN,NAN
2012,1,22,0,152,0,NAN,NAN
2012,1,23,0.3,76,0,NAN,NAN
2012,1,24,6.5,0,0,NAN,NAN
2012,1,25,0,0,0,NAN,NAN
2012,1,26,0.1,0,2.666666667,NAN,NAN
2012,1,27,25.13333333,0,2.666666667,0,0
2012,1,28,3.7,28,19,6.6,0
2012,1,29,3.95,57,48.5,7.9,0
2012,1,30,1.25,86.5,33,8.9,1.5
2012,1,31,0,76,0,NAN,NAN
2012,2,1,2.65,0,0,NAN,NAN
2012,2,2,0,0,0,0,0
2012,2,3,0,0,0,NAN,NAN
2012,2,4,0,0,0,NAN,NAN
2012,2,5,0,0,0,NAN,NAN
2012,2,6,0,0,0,NAN,NAN
2012,2,7,0,0,0,NAN,NAN
2012,2,8,0,0,0,0,0
2012,2,9,0,0,0,NAN,NAN
2012,2,10,0,0,0,NAN,NAN
2012,2,11,3.7,62,71,2.5,2.5
2012,2,12,7.966666667,202.3333333,151.6666667,11.9,9.9
2012,2,13,0.1,146.3333333,7,7.6,0
2012,2,14,0.433333333,105.5,5.333333333,NAN,NAN
2012,2,15,0.166666667,75.33333333,6,10.7,0
2012,2,16,1.866666667,38,0,0,0
2012,2,17,3.45,0,0,0,0
2012,2,18,0,0,1.5,0,0
2012,2,19,0,0,0,NAN,NAN
2012,2,20,0,0,0,0,0
2012,2,21,0,0,0,NAN,NAN
2012,2,22,4.55,0,6.5,0,0
2012,2,23,0.5,13,6.5,NAN,NAN
2012,2,24,12.35,0,0,NAN,NAN
2012,2,25,5.7,89,90,NAN,NAN
2012,2,26,1.966666667,178,58.5,NAN,NAN
2012,2,27,0,46.66666667,0,0,0
2012,2,28,0,0,0,NAN,NAN
2012,2,29,8.1,0,0,NAN,NAN
2012,3,1,15.5,0,0,NAN,NAN
2012,3,2,0.3,0,0,NAN,NAN
2012,3,3,8.833333333,0,0,0,0
2012,3,4,0.4,10.5,10.5,0.3,0.3
2012,3,5,0.933333333,12.5,14.33333333,0,0
2012,3,6,0.266666667,12.5,4.333333333,0,0
2012,3,7,0,0,0,NAN,NAN
2012,3,8,0,0,0,0,0
2012,3,9,8.4,0,0,0,0
2012,3,10,0.1,10,6.666666667,0.3,0.3
2012,3,11,0,0,0,NAN,NAN
2012,3,12,0,0,0,NAN,NAN
2012,3,13,10.95,0,0,NAN,NAN
2012,3,14,0,0,0,NAN,NAN
2012,3,15,3.733333333,0,0,NAN,NAN
2012,3,16,19.56666667,0,0,NAN,NAN
2012,3,17,0,0,0,NAN,NAN
2012,3,18,0,0,0,NAN,NAN
2012,3,19,5.7,0,0,NAN,NAN
2012,3,20,0.25,0,0,NAN,NAN
2012,3,21,0,0,0,NAN,NAN
2012,3,22,0,0,0,NAN,NAN
2012,3,23,0,0,0,NAN,NAN
2012,3,24,10.2,0,0,NAN,NAN
2012,3,25,2.3,0,0,NAN,NAN
2012,3,26,0,0,0,NAN,NAN
2012,3,27,0,0,0,NAN,NAN
2012,3,28,0,0,0,NAN,NAN
2012,3,29,0.25,0,0,NAN,NAN
2012,3,30,0,0,0,NAN,NAN
2012,3,31,5.4,0,0,NAN,NAN
2012,4,1,0,0,0,NAN,NAN
2012,4,2,0.4,0,0,NAN,NAN
2012,4,3,0,0,0,NAN,NAN
2012,4,4,0,0,0,NAN,NAN
2012,4,5,0,0,0,NAN,NAN
2012,4,6,0,0,0,NAN,NAN
2012,4,7,0,0,0,NAN,NAN
2012,4,8,0,0,0,NAN,NAN
2012,4,9,0,0,0,NAN,NAN
2012,4,10,0,0,0,NAN,NAN
2012,4,11,4.8,25,38,NAN,NAN
2012,4,12,0.75,0,0,NAN,NAN
2012,4,13,0,0,0,NAN,NAN
2012,4,14,0,NAN,0,NAN,NAN
2012,4,15,2.65,0,0,NAN,NAN
2012,4,16,1.866666667,0,0,NAN,NAN
2012,4,17,0,0,0,NAN,NAN
2012,4,18,0,0,0,NAN,NAN
2012,4,19,0,0,0,NAN,NAN
2012,4,20,0,0,0,NAN,NAN
2012,4,21,8.633333333,0,0,NAN,NAN
2012,4,22,1.6,0,0,NAN,NAN
2012,4,23,1.033333333,0,0,NAN,NAN
2012,4,24,4.55,0,0,NAN,NAN
2012,4,25,0,0,0,NAN,NAN
2012,4,26,0,0,0,NAN,NAN
2012,4,27,1.933333333,0,0,NAN,NAN
2012,4,28,0,0,0,NAN,NAN
2012,4,29,0.6,NAN,0,NAN,NAN
2012,4,30,0,0,0,NAN,NAN
2012,5,1,24.2,NAN,NAN,NAN,NAN
2012,5,2,0.7,NAN,NAN,NAN,NAN
2012,5,3,0,NAN,0,NAN,NAN
2012,5,4,0,NAN,0,NAN,NAN
2012,5,5,0.25,NAN,0,NAN,NAN
2012,5,6,0,NAN,0,NAN,NAN
2012,5,7,0.166666667,NAN,0,NAN,NAN
2012,5,8,23.96666667,NAN,NAN,NAN,NAN
2012,5,9,8.966666667,NAN,NAN,NAN,NAN
2012,5,10,1.266666667,NAN,NAN,NAN,NAN
2012,5,11,0,NAN,0,NAN,NAN
2012,5,12,0,NAN,0,NAN,NAN
2012,5,13,0,NAN,0,NAN,NAN
2012,5,14,0,NAN,0,NAN,NAN
2012,5,15,0,NAN,0,NAN,NAN
2012,5,16,0,NAN,0,NAN,NAN
2012,5,17,0.1,NAN,0,NAN,NAN
2012,5,18,0,NAN,0,NAN,NAN
2012,5,19,0,NAN,0,NAN,NAN
2012,5,20,0,NAN,0,NAN,NAN
2012,5,21,0,NAN,0,NAN,NAN
2012,5,22,0,NAN,0,NAN,NAN
2012,5,23,0,NAN,0,NAN,NAN
2012,5,24,0,NAN,0,NAN,NAN
2012,5,25,0,NAN,0,NAN,NAN
2012,5,26,11.43333333,NAN,0,NAN,NAN
2012,5,27,0.65,NAN,0,NAN,NAN
2012,5,28,6.75,NAN,NAN,NAN,NAN
2012,5,29,0,NAN,0,NAN,NAN
2012,5,30,1.166666667,NAN,0,NAN,NAN
2012,5,31,0,NAN,0,NAN,NAN
2012,6,1,4.4,NAN,NAN,NAN,NAN
2012,6,2,16.76666667,NAN,NAN,NAN,NAN
2012,6,3,1.966666667,NAN,NAN,NAN,NAN
2012,6,4,2.05,NAN,NAN,NAN,NAN
2012,6,5,0,NAN,0,NAN,NAN
2012,6,6,0.25,NAN,0,NAN,NAN
2012,6,7,0,NAN,0,NAN,NAN
2012,6,8,0,NAN,0,NAN,NAN
2012,6,9,0,NAN,0,NAN,NAN
2012,6,10,0,NAN,0,NAN,NAN
2012,6,11,0,NAN,0,NAN,NAN
2012,6,12,3.85,NAN,NAN,NAN,NAN
2012,6,13,0.25,NAN,NAN,NAN,NAN
2012,6,14,0,NAN,0,NAN,NAN
2012,6,15,0,NAN,0,NAN,NAN
2012,6,16,0,NAN,0,NAN,NAN
2012,6,17,0,NAN,0,NAN,NAN
2012,6,18,10.4,NAN,NAN,NAN,NAN
2012,6,19,0.933333333,NAN,0,NAN,NAN
2012,6,20,0,NAN,0,NAN,NAN
2012,6,21,0,NAN,0,NAN,NAN
2012,6,22,0.8,NAN,NAN,NAN,NAN
2012,6,23,0,NAN,0,NAN,NAN
2012,6,24,0,NAN,0,NAN,NAN
2012,6,25,3.4,NAN,NAN,NAN,NAN
2012,6,26,0,NAN,0,NAN,NAN
2012,6,27,0,NAN,0,NAN,NAN
2012,6,28,0,NAN,0,NAN,NAN
2012,6,29,0,NAN,0,NAN,NAN
2012,6,30,0,NAN,0,NAN,NAN
2012,7,1,0.15,NAN,0,NAN,NAN
2012,7,2,3.133333333,NAN,0,NAN,NAN
2012,7,3,0,NAN,0,NAN,NAN
2012,7,4,25.06666667,NAN,NAN,NAN,NAN
2012,7,5,2.3,NAN,NAN,NAN,NAN
2012,7,6,4.933333333,NAN,0,NAN,NAN
2012,7,7,0,NAN,0,NAN,NAN
2012,7,8,0.933333333,NAN,0,NAN,NAN
2012,7,9,0,NAN,0,NAN,NAN
2012,7,10,0,NAN,0,NAN,NAN
2012,7,11,0,NAN,0,NAN,NAN
2012,7,12,0,NAN,0,NAN,NAN
2012,7,13,0,NAN,NAN,NAN,NAN
2012,7,14,0,NAN,0,NAN,NAN
2012,7,15,3.9,NAN,0,NAN,NAN
2012,7,16,5,NAN,NAN,NAN,NAN
2012,7,17,0,NAN,0,NAN,NAN
2012,7,18,0,NAN,0,NAN,NAN
2012,7,19,0,NAN,0,NAN,NAN
2012,7,20,25.76666667,NAN,NAN,NAN,NAN
2012,7,21,0.166666667,NAN,0,NAN,NAN
2012,7,22,0,NAN,0,NAN,NAN
2012,7,23,0,NAN,0,NAN,NAN
2012,7,24,0,NAN,0,NAN,NAN
2012,7,25,0,NAN,0,NAN,NAN
2012,7,26,0.933333333,NAN,0,NAN,NAN
2012,7,27,9.9,NAN,NAN,NAN,NAN
2012,7,28,7.266666667,NAN,0,NAN,NAN
2012,7,29,7.7,NAN,0,NAN,NAN
2012,7,30,0,NAN,0,NAN,NAN
2012,7,31,0,NAN,0,NAN,NAN
2012,8,1,0,NAN,0,NAN,NAN
2012,8,2,0,NAN,0,NAN,NAN
2012,8,3,0,NAN,0,NAN,NAN
2012,8,4,0,NAN,0,NAN,NAN
2012,8,5,2.2,NAN,0,NAN,NAN
2012,8,6,1.666666667,NAN,NAN,NAN,NAN
2012,8,7,0,NAN,0,NAN,NAN
2012,8,8,0,NAN,0,NAN,NAN
2012,8,9,5.6,NAN,0,NAN,NAN
2012,8,10,9.4,NAN,NAN,NAN,NAN
2012,8,11,19.23333333,NAN,NAN,NAN,NAN
2012,8,12,1.533333333,NAN,NAN,NAN,NAN
2012,8,13,1.533333333,NAN,0,NAN,NAN
2012,8,14,1.6,NAN,0,NAN,NAN
2012,8,15,2.966666667,NAN,NAN,NAN,NAN
2012,8,16,0.1,NAN,0,NAN,NAN
2012,8,17,2.1,NAN,0,NAN,NAN
2012,8,18,0.166666667,NAN,0,NAN,NAN
2012,8,19,0,NAN,0,NAN,NAN
2012,8,20,0.266666667,NAN,0,NAN,NAN
2012,8,21,0.333333333,NAN,0,NAN,NAN
2012,8,22,3.733333333,NAN,0,NAN,NAN
2012,8,23,0,NAN,0,NAN,NAN
2012,8,24,0,NAN,0,NAN,NAN
2012,8,25,0,NAN,0,NAN,NAN
2012,8,26,0,NAN,0,NAN,NAN
2012,8,27,0,NAN,0,NAN,NAN
2012,8,28,29.03333333,NAN,NAN,NAN,NAN
2012,8,29,0,NAN,0,NAN,NAN
2012,8,30,0,NAN,0,NAN,NAN
2012,8,31,0,NAN,0,NAN,NAN
2012,9,1,0,NAN,0,NAN,NAN
2012,9,2,2.533333333,NAN,0,NAN,NAN
2012,9,3,0,NAN,0,NAN,NAN
2012,9,4,0.5,NAN,0,NAN,NAN
2012,9,5,20.06666667,NAN,NAN,NAN,NAN
2012,9,6,0,NAN,0,NAN,NAN
2012,9,7,0.166666667,NAN,0,NAN,NAN
2012,9,8,22.16666667,NAN,NAN,NAN,NAN
2012,9,9,13.26666667,NAN,NAN,NAN,NAN
2012,9,10,1.166666667,NAN,0,NAN,NAN
2012,9,11,0,NAN,0,NAN,NAN
2012,9,12,0,NAN,0,NAN,NAN
2012,9,13,0,NAN,0,NAN,NAN
2012,9,14,0,NAN,0,NAN,NAN
2012,9,15,5.6,NAN,NAN,NAN,NAN
2012,9,16,0,NAN,0,NAN,NAN
2012,9,17,0,NAN,0,NAN,NAN
2012,9,18,1.966666667,NAN,NAN,NAN,NAN
2012,9,19,6,NAN,NAN,NAN,NAN
2012,9,20,0,NAN,0,NAN,NAN
2012,9,21,0,NAN,0,NAN,NAN
2012,9,22,22.46666667,NAN,NAN,NAN,NAN
2012,9,23,13.63333333,NAN,NAN,NAN,NAN
2012,9,24,14.16666667,NAN,NAN,NAN,NAN
2012,9,25,0.166666667,NAN,0,NAN,NAN
2012,9,26,6.766666667,NAN,0,NAN,NAN
2012,9,27,10.56666667,NAN,NAN,NAN,NAN
2012,9,28,0.5,NAN,0,NAN,NAN
2012,9,29,0.1,NAN,0,NAN,NAN
2012,9,30,0.433333333,NAN,0,NAN,NAN
2012,10,1,0.1,NAN,0,NAN,NAN
2012,10,2,6.966666667,NAN,0,NAN,NAN
2012,10,3,6.6,NAN,NAN,NAN,NAN
2012,10,4,0,NAN,0,NAN,NAN
2012,10,5,0,NAN,0,NAN,NAN
2012,10,6,22.03333333,NAN,NAN,NAN,NAN
2012,10,7,0,NAN,0,NAN,NAN
2012,10,8,4.55,NAN,NAN,NAN,NAN
2012,10,9,0,NAN,0,NAN,NAN
2012,10,10,0,0,0,0,0
2012,10,11,5.7,0,0,NAN,0
2012,10,12,1.466666667,0,0,NAN,NAN
2012,10,13,0,0,0,NAN,NAN
2012,10,14,5.566666667,0,0,NAN,NAN
2012,10,15,1.366666667,0,0,NAN,NAN
2012,10,16,2.8,0,0,NAN,NAN
2012,10,17,0,0,0,NAN,NAN
2012,10,18,0,0,0,NAN,NAN
2012,10,19,2.15,0,0,NAN,NAN
2012,10,20,2.433333333,0,0,NAN,NAN
2012,10,21,4.833333333,0,0,NAN,NAN
2012,10,22,0,0,0,NAN,NAN
2012,10,23,0.933333333,0,0,NAN,NAN
2012,10,24,11.16666667,0,0,NAN,NAN
2012,10,25,1.966666667,0,0,NAN,NAN
2012,10,26,0,0,0,NAN,NAN
2012,10,27,17.7,0,0,NAN,NAN
2012,10,28,8.966666667,0,0,NAN,NAN
2012,10,29,22.1,0,0,NAN,NAN
2012,10,30,42.03333333,0,0,NAN,NAN
2012,10,31,31.6,0,0,NAN,NAN
2012,11,1,19.63333333,0,0,NAN,NAN
2012,11,2,6.1,0,0,NAN,NAN
2012,11,3,1.2,0,0,0,0
2012,11,4,0.933333333,0,0,0,0
2012,11,5,0,0,0,NAN,NAN
2012,11,6,0,0,0,NAN,NAN
2012,11,7,0,0,0,NAN,NAN
2012,11,8,0,0,0,NAN,NAN
2012,11,9,0.1,0,0,NAN,NAN
2012,11,10,1,0,0,NAN,NAN
2012,11,11,0,0,0,NAN,NAN
2012,11,12,0,0,0,NAN,NAN
2012,11,13,12.46666667,0,0,NAN,NAN
2012,11,14,1.033333333,0,9,0,1.8
2012,11,15,0,0,0,NAN,NAN
2012,11,16,0,0,0,NAN,NAN
2012,11,17,0,0,0,NAN,NAN
2012,11,18,0,0,0,NAN,NAN
2012,11,19,0,0,0,NAN,NAN
2012,11,20,0,0,0,NAN,NAN
2012,11,21,0,0,0,NAN,NAN
2012,11,22,0,0,0,NAN,NAN
2012,11,23,0.6,0,0,NAN,NAN
2012,11,24,2.433333333,20,23.66666667,2.5,2.5
2012,11,25,1.3,38.5,25.5,NAN,NAN
2012,11,26,0,6.5,0,NAN,NAN
2012,11,27,0,0,1,NAN,NAN
2012,11,28,0,0,0,NAN,NAN
2012,11,29,0,0,0,NAN,NAN
2012,11,30,0,0,0,0,0
2012,12,1,0,0,0,NAN,NAN
2012,12,2,3.033333333,0,0,NAN,NAN
2012,12,3,15.33333333,0,0,NAN,NAN
2012,12,4,0.2,0,0,NAN,NAN
2012,12,5,9.25,0,0,NAN,NAN
2012,12,6,0,0,0,NAN,NAN
2012,12,7,1,0,0,NAN,NAN
2012,12,8,4.333333333,0,0,NAN,NAN
2012,12,9,0.766666667,0,0,NAN,NAN
2012,12,10,10.65,0,0,NAN,NAN
2012,12,11,3.433333333,0,0,0,0
2012,12,12,0.433333333,0,2.666666667,0,0
2012,12,13,0,0,0,NAN,NAN
2012,12,14,0,0,0,NAN,NAN
2012,12,15,0,0,0,0,0
2012,12,16,0.1,0,0,0,NAN
2012,12,17,0.166666667,0,0,0,0
2012,12,18,14.4,6.5,7.5,0,0
2012,12,19,3,0,4,0,0
2012,12,20,0.433333333,0,0,0,0
2012,12,21,8.733333333,12.5,11,0,0
2012,12,22,17.53333333,147.3333333,138.5,9.1,9.1
2012,12,23,0,123.6666667,0,5.1,0
2012,12,24,0,75.33333333,0,5.3,0
2012,12,25,1.15,83,15.5,NAN,NAN
2012,12,26,0,51,0,0,0
2012,12,27,24.83333333,231.3333333,206,27.7,27.7
2012,12,28,0,192.3333333,0,22.6,0
2012,12,29,1.65,191,19,NAN,NAN
2012,12,30,7.25,254,105.5,NAN,NAN
2012,12,31,1.5,244,32,NAN,NAN
2013,1,1,3.05,247.5,35.5,NAN,NAN
2013,1,2,0,222.5,0,NAN,NAN
2013,1,3,0,216,5,NAN,NAN
2013,1,4,0,197,0,NAN,NAN
2013,1,5,0,177.5,0,NAN,NAN
2013,1,6,0,159,0,NAN,NAN
2013,1,7,1.15,146,13,NAN,NAN
2013,1,8,0,146,0,NAN,NAN
2013,1,9,0,114.5,0,NAN,NAN
2013,1,10,0.65,89,0,NAN,NAN
2013,1,11,0.4,51,0,NAN,NAN
2013,1,12,11.15,0,0,NAN,NAN
2013,1,13,0.9,0,0,NAN,NAN
2013,1,14,2.8,0,0,NAN,NAN
2013,1,15,0,0,0,0,0
2013,1,16,0,0,0,0,0
2013,1,17,0,0,0,NAN,NAN
2013,1,18,0.1,4,2.666666667,0.3,0.3
2013,1,19,0,0,0,0,0
2013,1,20,0,0,0,0,0
2013,1,21,2.133333333,80,55,3.3,4.1
2013,1,22,8.466666667,247.3333333,209,24.6,10.4
2013,1,23,2.8,325.5,52.33333333,25.7,1.5
2013,1,24,3.8,263.3333333,78.5,29.2,4.8
2013,1,25,0.5,178,13,NAN,NAN
2013,1,26,2.65,222,70,NAN,NAN
2013,1,27,1.6,215.5,31.33333333,NAN,NAN
2013,1,28,3.466666667,181.3333333,12.66666667,25.1,NAN
2013,1,29,5.866666667,66,0,11.4,0
2013,1,30,5.1,0,0,0,0
2013,1,31,8.866666667,0,3.333333333,0,0
2013,2,1,3.466666667,56,82.33333333,1.8,1.8
2013,2,2,2.7,103.3333333,71,3.6,2.5
2013,2,3,6.1,205.3333333,134.6666667,15.5,6.4
2013,2,4,1.966666667,213.3333333,72.66666667,18.8,3.6
2013,2,5,2.7,209.3333333,57,20.3,3.3
2013,2,6,0.4,146,11.5,NAN,NAN
2013,2,7,0,127,0,NAN,NAN
2013,2,8,2.266666667,74.66666667,0,18.3,0
2013,2,9,7.266666667,86.66666667,19,17.5,3
2013,2,10,0,75.66666667,0,17.5,0
2013,2,11,0,38,0,0,0
2013,2,12,0,0,0,0,0
2013,2,13,0.1,9,6,0.3,0.3
2013,2,14,0,0,0,0,0
2013,2,15,0.65,0,0,0,0
2013,2,16,0.6,12.5,10.33333333,0,0
2013,2,17,2.033333333,51,74.66666667,0,0
2013,2,18,0.1,52,8.333333333,NAN,NAN
2013,2,19,3.9,0,0,0,0
2013,2,20,6.6,161,128.6666667,13.7,13.7
2013,2,21,1.433333333,113.6666667,39,17.3,1.5
2013,2,22,0,113,2.5,15.5,0
2013,2,23,1,44.5,0,NAN,NAN
2013,2,24,0.333333333,43,0,36.3,0
2013,2,25,0,19,1.666666667,NAN,NAN
2013,2,26,0,0,0,NAN,NAN
2013,2,27,23.36666667,0,0,0,0
2013,2,28,3.966666667,5,5,2.3,2.3
2013,3,1,1,0,5.333333333,0,0
2013,3,2,1.033333333,12.5,12.66666667,0,0
2013,3,3,1.666666667,41.66666667,31.33333333,1.5,1.5
2013,3,4,1.6,61.66666667,36.66666667,4.8,2.5
2013,3,5,0,25,0,NAN,NAN
2013,3,6,0,0,0,0,0
2013,3,7,0,0,0,0,0
2013,3,8,0.15,0,4,NAN,NAN
2013,3,9,0,0,0,NAN,NAN
2013,3,10,0.15,0,0,NAN,NAN
2013,3,11,0,0,0,NAN,NAN
2013,3,12,17.65,0,0,NAN,NAN
2013,3,13,0.3,0,5,NAN,NAN
2013,3,14,0.9,25,30,NAN,NAN
2013,3,15,0,0,0,NAN,NAN
2013,3,16,5.95,51,52,NAN,NAN
2013,3,17,2.9,76,28,NAN,NAN
2013,3,18,0,76,0,NAN,NAN
2013,3,19,8.3,25.5,12.5,0,0
2013,3,20,1.9,61,42,3.8,3.8
2013,3,21,3.633333333,117,74.66666667,8.1,7.9
2013,3,22,5.666666667,189.6666667,116,17,5.6
2013,3,23,0,108,2.5,NAN,NAN
2013,3,24,0,57,0,NAN,NAN
2013,3,25,3,120.5,65,NAN,NAN
2013,3,26,5.1,108,51,NAN,NAN
2013,3,27,3.65,133,57.5,NAN,NAN
2013,3,28,0.933333333,127,12.5,NAN,NAN
2013,3,29,0,76,0,NAN,NAN
2013,3,30,0,0,0,0,0
2013,3,31,0,0,0,0,0
2013,4,1,1.933333333,0,0,0,0
2013,4,2,0.1,0,2.5,0,0
2013,4,3,0,0,0,0,0
2013,4,4,0,0,0,NAN,NAN
2013,4,5,0,0,0,0,0
2013,4,6,0,0,0,0,0
2013,4,7,0,0,0,0,0
2013,4,8,0,0,0,0,0
2013,4,9,2.633333333,0,0,NAN,NAN
2013,4,10,0.933333333,0,0,0,0
2013,4,11,20.86666667,0,0,0,0
2013,4,12,5.766666667,0,0,0,0
2013,4,13,4.333333333,0,0,0,0
2013,4,14,1.533333333,0,0,0,0
2013,4,15,0,0,0,0,0
2013,4,16,0.166666667,0,0,NAN,NAN
2013,4,17,7.3,0,0,0,0
2013,4,18,0,0,0,NAN,NAN
2013,4,19,0,0,0,NAN,NAN
2013,4,20,7.533333333,0,0,0,0
2013,4,21,0.933333333,0,8.333333333,NAN,0
2013,4,22,0,0,0,0,0
2013,4,23,0,0,0,NAN,NAN
2013,4,24,3.366666667,0,0,0,0
2013,4,25,10.33333333,0,0,NAN,NAN
2013,4,26,2.1,0,0,NAN,NAN
2013,4,27,0.166666667,0,0,NAN,NAN
2013,4,28,0,0,0,NAN,NAN
2013,4,29,6.533333333,0,0,NAN,NAN
2013,4,30,2.5,0,0,NAN,NAN
2013,5,1,1,NAN,0,NAN,NAN
2013,5,2,0,NAN,0,NAN,NAN
2013,5,3,0,NAN,0,NAN,NAN
2013,5,4,0,NAN,0,NAN,NAN
2013,5,5,0,NAN,0,NAN,NAN
2013,5,6,0,NAN,0,NAN,NAN
2013,5,7,0,NAN,0,NAN,NAN
2013,5,8,0,NAN,0,NAN,NAN
2013,5,9,4.566666667,NAN,NAN,NAN,NAN
2013,5,10,0.766666667,NAN,0,NAN,NAN
2013,5,11,15.65,NAN,NAN,NAN,NAN
2013,5,12,2.133333333,NAN,NAN,NAN,NAN
2013,5,13,2.133333333,0,0,NAN,NAN
2013,5,14,0,NAN,0,NAN,NAN
2013,5,15,1.466666667,NAN,NAN,NAN,NAN
2013,5,16,0,NAN,0,NAN,NAN
2013,5,17,0,NAN,0,NAN,NAN
2013,5,18,0,NAN,0,NAN,NAN
2013,5,19,0,NAN,0,NAN,NAN
2013,5,20,0,NAN,0,NAN,NAN
2013,5,21,0,NAN,0,NAN,NAN
2013,5,22,1.366666667,NAN,0,NAN,NAN
2013,5,23,5.233333333,NAN,NAN,NAN,NAN
2013,5,24,8.366666667,NAN,NAN,NAN,NAN
2013,5,25,0,NAN,0,NAN,NAN
2013,5,26,0,NAN,0,NAN,NAN
2013,5,27,0,NAN,0,NAN,NAN
2013,5,28,14.9,NAN,NAN,NAN,NAN
2013,5,29,20.5,NAN,NAN,NAN,NAN
2013,5,30,0,NAN,0,NAN,NAN
2013,5,31,0.666666667,NAN,0,NAN,NAN
2013,6,1,14.76666667,NAN,NAN,NAN,NAN
2013,6,2,23.2,NAN,NAN,NAN,NAN
2013,6,3,0.166666667,NAN,0,NAN,NAN
2013,6,4,0,NAN,0,NAN,NAN
2013,6,5,0,NAN,0,NAN,NAN
2013,6,6,7.966666667,NAN,NAN,NAN,NAN
2013,6,7,20.66666667,NAN,NAN,NAN,NAN
2013,6,8,0.25,NAN,NAN,NAN,NAN
2013,6,9,0,NAN,0,NAN,NAN
2013,6,10,2.133333333,NAN,NAN,NAN,NAN
2013,6,11,19.26666667,NAN,NAN,NAN,NAN
2013,6,12,0.166666667,NAN,0,NAN,NAN
2013,6,13,14.23333333,NAN,NAN,NAN,NAN
2013,6,14,2.933333333,NAN,NAN,NAN,NAN
2013,6,15,0,NAN,0,NAN,NAN
2013,6,16,0.933333333,NAN,NAN,NAN,NAN
2013,6,17,0.5,NAN,0,NAN,NAN
2013,6,18,3.066666667,NAN,0,NAN,NAN
2013,6,19,0,NAN,0,NAN,NAN
2013,6,20,0,NAN,0,NAN,NAN
2013,6,21,0,NAN,0,NAN,NAN
2013,6,22,0,NAN,0,NAN,NAN
2013,6,23,0,NAN,0,NAN,NAN
2013,6,24,0,NAN,0,NAN,NAN
2013,6,25,0,NAN,0,NAN,NAN
2013,6,26,15.73333333,NAN,NAN,NAN,NAN
2013,6,27,0.933333333,NAN,NAN,NAN,NAN
2013,6,28,13.3,NAN,NAN,NAN,NAN
2013,6,29,18.3,NAN,NAN,NAN,NAN
2013,6,30,1.4,NAN,NAN,NAN,NAN
2013,7,1,0,NAN,0,NAN,NAN
2013,7,2,4.4,NAN,NAN,NAN,NAN
2013,7,3,0,NAN,0,NAN,NAN
2013,7,4,12.26666667,NAN,0,NAN,NAN
2013,7,5,8.2,NAN,NAN,NAN,NAN
2013,7,6,1.466666667,NAN,NAN,NAN,NAN
2013,7,7,3.366666667,NAN,NAN,NAN,NAN
2013,7,8,4.833333333,NAN,0,NAN,NAN
2013,7,9,22.7,NAN,NAN,NAN,NAN
2013,7,10,22.43333333,NAN,NAN,NAN,NAN
2013,7,11,21.16666667,NAN,NAN,NAN,NAN
2013,7,12,0,NAN,0,NAN,NAN
2013,7,13,0,NAN,0,NAN,NAN
2013,7,14,0,NAN,0,NAN,NAN
2013,7,15,0,NAN,0,NAN,NAN
2013,7,16,0,NAN,0,NAN,NAN
2013,7,17,0,NAN,0,NAN,NAN
2013,7,18,2.366666667,NAN,0,NAN,NAN
2013,7,19,0,NAN,0,NAN,NAN
2013,7,20,34.96666667,NAN,NAN,NAN,NAN
2013,7,21,8.966666667,NAN,NAN,NAN,NAN
2013,7,22,0,NAN,0,NAN,NAN
2013,7,23,3.233333333,NAN,NAN,NAN,NAN
2013,7,24,9.733333333,NAN,NAN,NAN,NAN
2013,7,25,0,NAN,0,NAN,NAN
2013,7,26,0,NAN,0,NAN,NAN
2013,7,27,0,NAN,0,NAN,NAN
2013,7,28,6.85,NAN,NAN,NAN,NAN
2013,7,29,0.8,NAN,NAN,NAN,NAN
2013,7,30,0,NAN,0,NAN,NAN
2013,7,31,0,NAN,0,NAN,NAN
2013,8,1,6,NAN,NAN,NAN,NAN
2013,8,2,0.25,NAN,0,NAN,NAN
2013,8,3,8.65,NAN,NAN,NAN,NAN
2013,8,4,0,NAN,0,NAN,NAN
2013,8,5,0,NAN,0,NAN,NAN
2013,8,6,0,NAN,0,NAN,NAN
2013,8,7,0,NAN,0,NAN,NAN
2013,8,8,6.1,NAN,NAN,NAN,NAN
2013,8,9,22.7,NAN,NAN,NAN,NAN
2013,8,10,2.8,NAN,0,NAN,NAN
2013,8,11,0,NAN,0,NAN,NAN
2013,8,12,0,NAN,0,NAN,NAN
2013,8,13,12.86666667,NAN,NAN,NAN,NAN
2013,8,14,0.166666667,NAN,0,NAN,NAN
2013,8,15,0.266666667,NAN,0,NAN,NAN
2013,8,16,0,NAN,0,NAN,NAN
2013,8,17,0,NAN,0,NAN,NAN
2013,8,18,0,NAN,0,NAN,NAN
2013,8,19,0,NAN,0,NAN,NAN
2013,8,20,0,NAN,0,NAN,NAN
2013,8,21,0,NAN,0,NAN,NAN
2013,8,22,0,NAN,0,NAN,NAN
2013,8,23,1.266666667,NAN,0,NAN,NAN
2013,8,24,0,NAN,0,NAN,NAN
2013,8,25,0,NAN,0,NAN,NAN
2013,8,26,0,NAN,0,NAN,NAN
2013,8,27,3.733333333,NAN,NAN,NAN,NAN
2013,8,28,15.66666667,NAN,NAN,NAN,NAN
2013,8,29,3.2,NAN,NAN,NAN,NAN
2013,8,30,0,NAN,0,NAN,NAN
2013,8,31,3.133333333,NAN,NAN,NAN,NAN
2013,9,1,0,NAN,0,NAN,NAN
2013,9,2,11.76666667,NAN,NAN,NAN,NAN
2013,9,3,0.966666667,NAN,NAN,NAN,NAN
2013,9,4,0,NAN,0,NAN,NAN
2013,9,5,0,NAN,0,NAN,NAN
2013,9,6,0,NAN,0,NAN,NAN
2013,9,7,0,NAN,0,NAN,NAN
2013,9,8,0.766666667,NAN,0,NAN,NAN
2013,9,9,0,NAN,0,NAN,NAN
2013,9,10,3.033333333,NAN,0,NAN,NAN
2013,9,11,0,NAN,0,NAN,NAN
2013,9,12,1.1,NAN,0,NAN,NAN
2013,9,13,14.46666667,NAN,NAN,NAN,NAN
2013,9,14,6.166666667,NAN,0,NAN,NAN
2013,9,15,0,NAN,0,NAN,NAN
2013,9,16,1.933333333,NAN,NAN,NAN,NAN
2013,9,17,0,NAN,0,NAN,NAN
2013,9,18,0,NAN,0,NAN,NAN
2013,9,19,0,NAN,0,NAN,NAN
2013,9,20,0,NAN,0,NAN,NAN
2013,9,21,25.66666667,NAN,NAN,NAN,NAN
2013,9,22,17.96666667,NAN,NAN,NAN,NAN
2013,9,23,0.833333333,NAN,NAN,NAN,NAN
2013,9,24,0,NAN,0,NAN,NAN
2013,9,25,0,NAN,0,NAN,NAN
2013,9,26,0,NAN,0,NAN,NAN
2013,9,27,0,NAN,0,NAN,NAN
2013,9,28,0,NAN,0,NAN,NAN
2013,9,29,0,NAN,0,NAN,NAN
2013,9,30,0.533333333,NAN,0,NAN,NAN
2013,10,1,1.033333333,NAN,0,NAN,NAN
2013,10,2,0,NAN,0,NAN,NAN
2013,10,3,0,NAN,0,NAN,NAN
2013,10,4,6.3,NAN,NAN,NAN,NAN
2013,10,5,4.9,NAN,0,NAN,NAN
2013,10,6,6.35,NAN,NAN,NAN,NAN
2013,10,7,24.46666667,NAN,NAN,NAN,NAN
2013,10,8,1.966666667,NAN,NAN,NAN,NAN
2013,10,9,0,NAN,0,NAN,NAN
2013,10,10,0,NAN,0,NAN,NAN
2013,10,11,0,NAN,0,NAN,NAN
2013,10,12,0,NAN,0,NAN,NAN
2013,10,13,0.6,NAN,0,NAN,NAN
2013,10,14,1.266666667,NAN,0,NAN,NAN
2013,10,15,0,NAN,0,NAN,NAN
2013,10,16,9.533333333,NAN,NAN,NAN,NAN
2013,10,17,10.83333333,NAN,NAN,NAN,NAN
2013,10,18,7.3,NAN,NAN,NAN,NAN
2013,10,19,0.433333333,NAN,0,NAN,NAN
2013,10,20,19.56666667,NAN,NAN,NAN,NAN
2013,10,21,0.166666667,NAN,0,NAN,NAN
2013,10,22,7.533333333,NAN,NAN,NAN,NAN
2013,10,23,1.7,NAN,0,NAN,NAN
2013,10,24,6.35,25,38,NAN,NAN
2013,10,25,8.533333333,38,34,0,0
2013,10,26,0.866666667,0,0,0,0
2013,10,27,2.9,0,0,NAN,NAN
2013,10,28,0,0,0,0,0
2013,10,29,0,0,0,0,0
2013,10,30,0,0,0,0,0
2013,10,31,3.466666667,0,0,0,0
2013,11,1,15.56666667,0,0,0,0
2013,11,2,0.1,0,0,0,0
2013,11,3,18.2,NAN,0,NAN,NAN
2013,11,4,0,0,0,0,0
2013,11,5,0,0,0,0,0
2013,11,6,0,0,0,0,0
2013,11,7,16.03333333,NAN,0,NAN,NAN
2013,11,8,5.766666667,0,7.666666667,0,0
2013,11,9,0.25,0,0,0,0
2013,11,10,2.466666667,0,0,0,0
2013,11,11,0,0,0,0,0
2013,11,12,14.46666667,87.5,85.33333333,8.4,8.4
2013,11,13,2.2,73.66666667,16.66666667,8.9,1.3
2013,11,14,0,52.33333333,0,3.3,0
2013,11,15,0,0,0,0,0
2013,11,16,0,0,0,0,0
2013,11,17,1.966666667,0,0,0,0
2013,11,18,8.866666667,0,0,0,0
2013,11,19,0,0,0,0,0
2013,11,20,0,0,0,0,0
2013,11,21,0.166666667,0,0,0,0
2013,11,22,4.666666667,0,0,0,0
2013,11,23,2.6,0,0,0,0
2013,11,24,1.266666667,16.5,16.33333333,3,3
2013,11,25,0.6,127,22.66666667,1.3,0.5
2013,11,26,0,6.5,2.5,NAN,NAN
2013,11,27,8.15,102,89,NAN,NAN
2013,11,28,2.15,103,30.5,NAN,NAN
2013,11,29,0.65,132.5,11.5,15.2,1.3
2013,11,30,0,94.33333333,0,14.7,0
2013,12,1,0,71,0,12.7,0
2013,12,2,0,19,0,NAN,NAN
2013,12,3,0,0,0,NAN,NAN
2013,12,4,0,0,0,0,0
2013,12,5,0,0,0,0,0
2013,12,6,3.066666667,12.5,19.33333333,0,0
2013,12,7,2.9,41.5,35.5,NAN,NAN
2013,12,8,0,25,2.5,NAN,NAN
2013,12,9,0.1,31.5,0,NAN,NAN
2013,12,10,0,17.66666667,0,0,0
2013,12,11,0.25,35.5,23,0.5,0.5
2013,12,12,4.233333333,116.6666667,113.3333333,6.4,6.4
2013,12,13,0.65,117,18,4.1,1
2013,12,14,2.966666667,117.6666667,54.33333333,10.7,4.3
2013,12,15,8.8,195.6666667,122,25.7,10.4
2013,12,16,3.4,266.6666667,110.3333333,31.5,8.9
2013,12,17,3.55,320,52.5,35.6,3.3
2013,12,18,2.2,315,42,36.6,4.1
2013,12,19,0,203,0,NAN,NAN
2013,12,20,2.55,81.5,0,13,0
2013,12,21,11.86666667,0,0,0,0
2013,12,22,46.23333333,0,0,0,0
2013,12,23,4.35,0,0,0,0
2013,12,24,2.033333333,46,34,4.3,4.3
2013,12,25,7.25,111.5,89,9.1,4.3
2013,12,26,0.3,87.5,14,8.4,0.3
2013,12,27,1.15,94,35.5,8.1,0.5
2013,12,28,0,35.5,0,7.1,0
2013,12,29,0,0,0,0,0
2013,12,30,2.533333333,19,34,0,0
2013,12,31,1.533333333,55,35.66666667,0,0
2014,1,1,5.933333333,153,116.6666667,10.4,10.4
2014,1,2,2.8,158.5,42,NAN,NAN
2014,1,3,9.15,267,161.5,NAN,NAN
2014,1,4,0.3,218.5,8,NAN,NAN
2014,1,5,0,184,0,NAN,NAN
2014,1,6,7.2,83,25,NAN,NAN
2014,1,7,0.5,95.5,28,NAN,NAN
2014,1,8,0,89,0,NAN,NAN
2014,1,9,0,89,0,NAN,NAN
2014,1,10,4.05,127,44.5,NAN,NAN
2014,1,11,8.5,0,0,NAN,NAN
2014,1,12,2.3,0,0,NAN,NAN
2014,1,13,0,0,0,NAN,NAN
2014,1,14,3.45,0,0,NAN,NAN
2014,1,15,0.166666667,0,0,0,0
2014,1,16,0.15,5,9,0.3,0.3
2014,1,17,0.433333333,12.5,8.333333333,0,0
2014,1,18,0.6,26.5,18,1,1
2014,1,19,0.7,26,10.33333333,0.8,0
2014,1,20,0,8.333333333,0,0,0
2014,1,21,0.8,30.5,32,0.8,0.8
2014,1,22,0,27.5,0,0.5,0
2014,1,23,1.666666667,38,28.66666667,1.3,0.5
2014,1,24,3.133333333,96.33333333,78,5.1,0.5
2014,1,25,3.3,120,52.66666667,6.6,3
2014,1,26,6.5,210,121,NAN,NAN
2014,1,27,4.4,202,49.33333333,16.3,2.3
2014,1,28,1.533333333,202.3333333,27.33333333,28.7,3.8
2014,1,29,0,178,0,NAN,NAN
2014,1,30,0,165,0,NAN,NAN
2014,1,31,0,152.5,0,NAN,NAN
2014,2,1,0,152,5,NAN,NAN
2014,2,2,15.45,152,44.5,NAN,NAN
2014,2,3,0,127,5,NAN,NAN
2014,2,4,0,127,0,NAN,NAN
2014,2,5,9.65,190.5,86.5,NAN,NAN
2014,2,6,11.03333333,266,128.6666667,37.3,20.1
2014,2,7,0,229,0,NAN,NAN
2014,2,8,0,209.5,0,NAN,NAN
2014,2,9,1.9,254,36.5,NAN,NAN
2014,2,10,5.6,330,89,NAN,NAN
2014,2,11,0,305,13,NAN,NAN
2014,2,12,0,305,0,NAN,NAN
2014,2,13,0,279,0,NAN,NAN
2014,2,14,0.25,260,4,NAN,NAN
2014,2,15,1.15,277,19,NAN,NAN
2014,2,16,0,254,0,NAN,NAN
2014,2,17,1.05,292,21.5,NAN,NAN
2014,2,18,9.95,406,114.5,NAN,NAN
2014,2,19,0.25,349.5,9,NAN,NAN
2014,2,20,0,292,0,NAN,NAN
2014,2,21,4.55,165,0,NAN,NAN
2014,2,22,0,127,0,NAN,NAN
2014,2,23,0.25,108,2.5,NAN,NAN
2014,2,24,0,102,0,NAN,NAN
2014,2,25,1.9,127,54.5,NAN,NAN
2014,2,26,4.8,177.5,70,NAN,NAN
2014,2,27,0.25,159,23,NAN,NAN
2014,2,28,2.15,178,40.5,NAN,NAN
2014,3,1,0,178,0,NAN,NAN
2014,3,2,1.95,178,44.5,NAN,NAN
2014,3,3,0.65,184,15.5,NAN,NAN
2014,3,4,0,165.5,0,NAN,NAN
2014,3,5,0,139.5,0,NAN,NAN
2014,3,6,0,178,0,NAN,NAN
2014,3,7,0,152,0,NAN,NAN
2014,3,8,0,86.5,0,NAN,NAN
2014,3,9,2.3,102,13,NAN,NAN
2014,3,10,0,102,0,NAN,NAN
2014,3,11,0,19,0,NAN,NAN
2014,3,12,6.45,0,0,NAN,NAN
2014,3,13,14.9,127,191,NAN,NAN
2014,3,14,0,82.5,0,NAN,NAN
2014,3,15,0.65,0,0,NAN,NAN
2014,3,16,0,0,0,NAN,NAN
2014,3,17,0,0,0,NAN,NAN
2014,3,18,0,0,0,NAN,NAN
2014,3,19,0,0,0,NAN,NAN
2014,3,20,9.9,NAN,3,NAN,0
2014,3,21,0.25,0,0,NAN,NAN
2014,3,22,0.25,0,0,NAN,NAN
2014,3,23,0.15,0,0,NAN,NAN
2014,3,24,0,0,0,NAN,NAN
2014,3,25,0,0,0,NAN,NAN
2014,3,26,2.9,51,66,NAN,NAN
2014,3,27,0,25,0,NAN,NAN
2014,3,28,6.75,0,0,NAN,NAN
2014,3,29,1.5,0,0,NAN,NAN
2014,3,30,17.4,127,111.5,NAN,NAN
2014,3,31,0,51,0,NAN,NAN
2014,4,1,0,0,0,NAN,NAN
2014,4,2,0,0,0,NAN,NAN
2014,4,3,0,0,0,NAN,NAN
2014,4,4,18.4,0,0,NAN,NAN
2014,4,5,9.15,0,0,NAN,NAN
2014,4,6,0,0,0,NAN,NAN
2014,4,7,0,0,0,NAN,NAN
2014,4,8,25.8,0,0,NAN,NAN
2014,4,9,1.8,0,0,NAN,NAN
2014,4,10,0,0,0,NAN,NAN
2014,4,11,9.233333333,0,0,0,0
2014,4,12,2,0,0,NAN,NAN
2014,4,13,0,0,0,0,0
2014,4,14,0,0,0,0,0
2014,4,15,17.8,0,0,0,0
2014,4,16,3.45,26.5,39.5,3.3,3.3
2014,4,17,0,0,0,0,0
2014,4,18,0,0,0,0,0
2014,4,19,0,0,0,0,0
2014,4,20,0,0,0,0,0
2014,4,21,0,0,0,0,0
2014,4,22,1.866666667,0,0,0,0
2014,4,23,3.266666667,0,0,0,0
2014,4,24,0.25,0,0,0,0
2014,4,25,0,0,0,0,0
2014,4,26,8.4,0,0,0,0
2014,4,27,0,0,0,NAN,NAN
2014,4,28,0,0,0,NAN,NAN
2014,4,29,5.666666667,0,0,0,0
2014,4,30,13.9,0,0,0,0
2014,5,1,20.8,0,0,0,0
2014,5,2,0.6,0,0,0,0
2014,5,3,0.166666667,0,0,NAN,NAN
2014,5,4,2.433333333,0,0,0,0
2014,5,5,1,0,0,0,0
2014,5,6,1.266666667,NAN,0,NAN,NAN
2014,5,7,0.333333333,NAN,0,NAN,NAN
2014,5,8,4,0,0,0,0
2014,5,9,0,NAN,0,NAN,NAN
2014,5,10,6.266666667,NAN,NAN,NAN,NAN
2014,5,11,0,NAN,0,NAN,NAN
2014,5,12,0.333333333,NAN,0,NAN,NAN
2014,5,13,13.46666667,NAN,NAN,NAN,NAN
2014,5,14,2.8,NAN,NAN,NAN,NAN
2014,5,15,15.16666667,NAN,NAN,NAN,NAN
2014,5,16,15.83333333,NAN,NAN,NAN,NAN
2014,5,17,0.433333333,NAN,0,NAN,NAN
2014,5,18,2.133333333,NAN,NAN,NAN,NAN
2014,5,19,0.166666667,NAN,0,NAN,NAN
2014,5,20,0,NAN,0,NAN,NAN
2014,5,21,7.2,NAN,NAN,NAN,NAN
2014,5,22,2.033333333,NAN,NAN,NAN,NAN
2014,5,23,0,NAN,0,NAN,NAN
2014,5,24,0,NAN,0,NAN,NAN
2014,5,25,0,NAN,0,NAN,NAN
2014,5,26,0,NAN,0,NAN,NAN
2014,5,27,1.966666667,NAN,0,NAN,NAN
2014,5,28,1.433333333,NAN,NAN,NAN,NAN
2014,5,29,0.1,NAN,0,NAN,NAN
2014,5,30,0,NAN,0,NAN,NAN
2014,5,31,0,NAN,0,NAN,NAN
2014,6,1,0,NAN,0,NAN,NAN
2014,6,2,0,NAN,0,NAN,NAN
2014,6,3,8.833333333,NAN,NAN,NAN,NAN
2014,6,4,0.25,NAN,NAN,NAN,NAN
2014,6,5,5.933333333,NAN,NAN,NAN,NAN
2014,6,6,0,NAN,0,NAN,NAN
2014,6,7,0,NAN,0,NAN,NAN
2014,6,8,0,NAN,0,NAN,NAN
2014,6,9,23.1,NAN,NAN,NAN,NAN
2014,6,10,0,NAN,0,NAN,NAN
2014,6,11,0.266666667,NAN,0,NAN,NAN
2014,6,12,0.766666667,NAN,0,NAN,NAN
2014,6,13,3.566666667,NAN,0,NAN,NAN
2014,6,14,2.55,NAN,NAN,NAN,NAN
2014,6,15,0,NAN,0,NAN,NAN
2014,6,16,0.166666667,NAN,0,NAN,NAN
2014,6,17,0,NAN,0,NAN,NAN
2014,6,18,10,NAN,NAN,NAN,NAN
2014,6,19,29.13333333,NAN,NAN,NAN,NAN
2014,6,20,3.95,NAN,NAN,NAN,NAN
2014,6,21,2.8,NAN,0,NAN,NAN
2014,6,22,0.166666667,NAN,0,NAN,NAN
2014,6,23,0.166666667,NAN,0,NAN,NAN
2014,6,24,24.8,NAN,NAN,NAN,NAN
2014,6,25,22.1,NAN,NAN,NAN,NAN
2014,6,26,15.4,NAN,NAN,NAN,NAN
2014,6,27,0,NAN,0,NAN,NAN
2014,6,28,0,NAN,0,NAN,NAN
2014,6,29,0,NAN,0,NAN,NAN
2014,6,30,9.333333333,NAN,NAN,NAN,NAN
2014,7,1,0,NAN,0,NAN,NAN
2014,7,2,3.05,NAN,NAN,NAN,NAN
2014,7,3,3.966666667,NAN,NAN,NAN,NAN
2014,7,4,0.166666667,NAN,0,NAN,NAN
2014,7,5,0,NAN,0,NAN,NAN
2014,7,6,0,NAN,0,NAN,NAN
2014,7,7,0,NAN,0,NAN,NAN
2014,7,8,22.26666667,NAN,NAN,NAN,NAN
2014,7,9,32.33333333,NAN,NAN,NAN,NAN
2014,7,10,0,NAN,0,NAN,NAN
2014,7,11,0,NAN,0,NAN,NAN
2014,7,12,0,NAN,0,NAN,NAN
2014,7,13,5.066666667,NAN,NAN,NAN,NAN
2014,7,14,3.8,NAN,NAN,NAN,NAN
2014,7,15,2.6,NAN,NAN,NAN,NAN
2014,7,16,0.5,NAN,0,NAN,NAN
2014,7,17,4.6,NAN,0,NAN,NAN
2014,7,18,0.15,NAN,NAN,NAN,NAN
2014,7,19,6.2,NAN,NAN,NAN,NAN
2014,7,20,6.3,NAN,NAN,NAN,NAN
2014,7,21,0,NAN,0,NAN,NAN
2014,7,22,0,NAN,0,NAN,NAN
2014,7,23,0.166666667,NAN,0,NAN,NAN
2014,7,24,0.933333333,NAN,NAN,NAN,NAN
2014,7,25,0,NAN,0,NAN,NAN
2014,7,26,1.433333333,NAN,0,NAN,NAN
2014,7,27,2.633333333,NAN,NAN,NAN,NAN
2014,7,28,59.95,NAN,NAN,NAN,NAN
2014,7,29,7.75,NAN,NAN,NAN,NAN
2014,7,30,1.266666667,NAN,NAN,NAN,NAN
2014,7,31,1.666666667,NAN,NAN,NAN,NAN
2014,8,1,0,NAN,0,NAN,NAN
2014,8,2,0,NAN,0,NAN,NAN
2014,8,3,8.35,NAN,NAN,NAN,NAN
2014,8,4,0,NAN,0,NAN,NAN
2014,8,5,0,NAN,0,NAN,NAN
2014,8,6,4.666666667,NAN,NAN,NAN,NAN
2014,8,7,0,NAN,0,NAN,NAN
2014,8,8,0,NAN,0,NAN,NAN
2014,8,9,0,NAN,0,NAN,NAN
2014,8,10,0,NAN,0,NAN,NAN
2014,8,11,0,NAN,0,NAN,NAN
2014,8,12,15.83333333,NAN,NAN,NAN,NAN
2014,8,13,29.13333333,NAN,NAN,NAN,NAN
2014,8,14,0.433333333,NAN,NAN,NAN,NAN
2014,8,15,0,NAN,0,NAN,NAN
2014,8,16,0,NAN,0,NAN,NAN
2014,8,17,11.76666667,NAN,NAN,NAN,NAN
2014,8,18,0,NAN,0,NAN,NAN
2014,8,19,0,NAN,0,NAN,NAN
2014,8,20,21.7,NAN,NAN,NAN,NAN
2014,8,21,10.53333333,NAN,NAN,NAN,NAN
2014,8,22,3.533333333,NAN,0,NAN,NAN
2014,8,23,5.333333333,NAN,0,NAN,NAN
2014,8,24,0,NAN,0,NAN,NAN
2014,8,25,0,NAN,0,NAN,NAN
2014,8,26,0,NAN,0,NAN,NAN
2014,8,27,0,NAN,0,NAN,NAN
2014,8,28,0,NAN,0,NAN,NAN
2014,8,29,0,NAN,0,NAN,NAN
2014,8,30,0,NAN,0,NAN,NAN
2014,8,31,0.4,NAN,NAN,NAN,NAN
2014,9,1,9.35,NAN,NAN,NAN,NAN
2014,9,2,1.8,NAN,NAN,NAN,NAN
2014,9,3,8.733333333,NAN,NAN,NAN,NAN
2014,9,4,0,NAN,0,NAN,NAN
2014,9,5,0,NAN,0,NAN,NAN
2014,9,6,26.16666667,NAN,NAN,NAN,NAN
2014,9,7,0.6,NAN,0,NAN,NAN
2014,9,8,0,NAN,0,NAN,NAN
2014,9,9,0,NAN,0,NAN,NAN
2014,9,10,0,NAN,0,NAN,NAN
2014,9,11,31.35,NAN,NAN,NAN,NAN
2014,9,12,1.9,NAN,NAN,NAN,NAN
2014,9,13,0.5,NAN,0,NAN,NAN
2014,9,14,0.6,NAN,0,NAN,NAN
2014,9,15,0,NAN,0,NAN,NAN
2014,9,16,12.96666667,NAN,NAN,NAN,NAN
2014,9,17,0,NAN,0,NAN,NAN
2014,9,18,0,NAN,0,NAN,NAN
2014,9,19,0,NAN,0,NAN,NAN
2014,9,20,0,NAN,0,NAN,NAN
2014,9,21,0.866666667,NAN,0,NAN,NAN
2014,9,22,4.9,NAN,NAN,NAN,NAN
2014,9,23,0,NAN,0,NAN,NAN
2014,9,24,0,NAN,0,NAN,NAN
2014,9,25,0,NAN,0,NAN,NAN
2014,9,26,0,NAN,0,NAN,NAN
2014,9,27,0,NAN,0,NAN,NAN
2014,9,28,0,NAN,0,NAN,NAN
2014,9,29,0,NAN,0,NAN,NAN
2014,9,30,0.766666667,NAN,0,NAN,NAN
2014,10,1,12.1,NAN,NAN,NAN,NAN
2014,10,2,0,NAN,0,NAN,NAN
2014,10,3,0,NAN,0,NAN,NAN
2014,10,4,19.3,NAN,NAN,NAN,NAN
2014,10,5,3.366666667,NAN,NAN,NAN,NAN
2014,10,6,1.1,NAN,0,NAN,NAN
2014,10,7,4.566666667,NAN,NAN,NAN,NAN
2014,10,8,7.433333333,NAN,0,NAN,NAN
2014,10,9,0.166666667,NAN,0,NAN,NAN
2014,10,10,0,NAN,0,NAN,NAN
2014,10,11,0,NAN,0,NAN,NAN
2014,10,12,0,NAN,0,NAN,NAN
2014,10,13,2.366666667,NAN,0,NAN,NAN
2014,10,14,0.433333333,NAN,0,NAN,NAN
2014,10,15,17.15,NAN,NAN,NAN,NAN
2014,10,16,6,NAN,NAN,NAN,NAN
2014,10,17,4.2,NAN,NAN,NAN,NAN
2014,10,18,7.9,NAN,76,NAN,NAN
2014,10,19,8.35,NAN,NAN,NAN,NAN
2014,10,20,0.1,NAN,0,NAN,NAN
2014,10,21,10.26666667,NAN,NAN,NAN,NAN
2014,10,22,10.06666667,NAN,NAN,NAN,NAN
2014,10,23,0.166666667,NAN,0,NAN,NAN
2014,10,24,0,NAN,0,NAN,NAN
2014,10,25,0,NAN,0,NAN,NAN
2014,10,26,0,NAN,0,NAN,NAN
2014,10,27,0,NAN,0,NAN,NAN
2014,10,28,0,NAN,0,NAN,NAN
2014,10,29,2.366666667,NAN,NAN,NAN,NAN
2014,10,30,5.45,NAN,NAN,NAN,NAN
2014,10,31,0.433333333,NAN,NAN,NAN,NAN
2014,11,1,3.166666667,NAN,NAN,NAN,NAN
2014,11,2,3.266666667,0,0,NAN,NAN
2014,11,3,0,NAN,0,NAN,NAN
2014,11,4,0,NAN,0,NAN,NAN
2014,11,5,6.6,NAN,NAN,NAN,NAN
2014,11,6,0,NAN,0,NAN,NAN
2014,11,7,8.733333333,NAN,NAN,NAN,NAN
2014,11,8,0,NAN,0,NAN,NAN
2014,11,9,3.566666667,NAN,NAN,NAN,NAN
2014,11,10,0,NAN,0,NAN,NAN
2014,11,11,0,NAN,0,NAN,NAN
2014,11,12,3.466666667,NAN,NAN,NAN,NAN
2014,11,13,2.633333333,21.5,14.33333333,7.6,3.8
2014,11,14,13.56666667,227.6666667,225.6666667,21.3,19.3
2014,11,15,5.666666667,232,98.33333333,19.6,4.05
2014,11,16,0,138.5,6.5,16.3,0
2014,11,17,5.266666667,144.6666667,49,18.8,4.45
2014,11,18,3.4,149,29.66666667,19.1,3.05
2014,11,19,0,131.3333333,0,18.3,0
2014,11,20,0.333333333,114.3333333,8.333333333,16.3,0.5
2014,11,21,5.333333333,171.3333333,76.33333333,21.1,4.95
2014,11,22,0,132,0,20.1,0
2014,11,23,6.3,0,0,0,0
2014,11,24,6.4,0,0,0,0
2014,11,25,2.3,0,0,NAN,NAN
2014,11,26,0,0,0,NAN,NAN
2014,11,27,0,0,0,NAN,NAN
2014,11,28,4.8,72.5,87.5,2.3,2.3
2014,11,29,0.25,38,12.5,0,0
2014,11,30,0.166666667,0,0,0,0
2014,12,1,3.4,0,0,NAN,NAN
2014,12,2,0,0,0,NAN,NAN
2014,12,3,0.966666667,0,0,0,0
2014,12,4,0,0,0,NAN,NAN
2014,12,5,0,0,0,0,0
2014,12,6,13.03333333,0,0,0,0
2014,12,7,0.166666667,0,0,NAN,NAN
2014,12,8,0,0,0,NAN,NAN
2014,12,9,1.075,0,2.5,0,0
2014,12,10,2.225,0,0,0,0
2014,12,11,1.35,14,8.25,4.3,4.3
2014,12,12,3.3,58.5,24.25,17.3,13.2
2014,12,13,0,34.5,0,13.7,0
2014,12,14,0.75,14,0,7.4,0
2014,12,15,0.575,0,0,0,0
2014,12,16,2.875,0,0,0,0
2014,12,17,9.125,0,0,0,0
2014,12,18,0.125,0,1.666666667,NAN,NAN
2014,12,19,1.4,0,4.333333333,0,0
2014,12,20,0,0,0,0,0
2014,12,21,0,0,0,NAN,NAN
2014,12,22,0,0,0,0,0
2014,12,23,0.166666667,0,0,0,0
2014,12,24,2.4,0,0,0,0
2014,12,25,5.75,0,0,0,0
2014,12,26,0.075,0,0,0,0
2014,12,27,0,0,0,0,0
2014,12,28,6.4,0,0,0,0
2014,12,29,0.075,0,0,NAN,NAN
2014,12,30,0,0,0,0,0
2014,12,31,0.4,39.5,24.66666667,0.5,0.5
2015,1,1,0.075,31.5,4.5,0.8,0.3
2015,1,2,0.166666667,29,10,1.8,0.5
2015,1,3,0,26.5,0,1.3,0
2015,1,4,25.025,0,0,0,0
2015,1,5,6.2,85,61.66666667,3.3,3.3
2015,1,6,2.1,61.5,25.5,2.55,0.3
2015,1,7,1.7,108.3333333,55,1,1
2015,1,8,0.666666667,95.66666667,18.66666667,NAN,NAN
2015,1,9,2.466666667,142.3333333,51,NAN,NAN
2015,1,10,1.15,137,38,NAN,NAN
2015,1,11,0,129.3333333,0,NAN,NAN
2015,1,12,5.766666667,167.6666667,76.33333333,NAN,3.8
2015,1,13,1.966666667,177.6666667,27.33333333,NAN,0.8
2015,1,14,0,161,0,NAN,NAN
2015,1,15,0,152.3333333,0,NAN,NAN
2015,1,16,0,135.3333333,0,NAN,NAN
2015,1,17,0,126.6666667,0,NAN,NAN
2015,1,18,0,82.5,0,NAN,NAN
2015,1,19,1.6,76.33333333,17.5,NAN,NAN
2015,1,20,0,114,0,NAN,NAN
2015,1,21,0.333333333,120.5,4.333333333,NAN,NAN
2015,1,22,3.466666667,114.3333333,46.66666667,NAN,2.8
2015,1,23,0,114.3333333,1.25,NAN,NAN
2015,1,24,0,133,0,NAN,NAN
2015,1,25,1.2,114.3333333,11.5,NAN,0.5
2015,1,26,1.325,122.6666667,17.25,NAN,NAN
2015,1,27,0.45,131.3333333,17.66666667,NAN,NAN
2015,1,28,0.125,127,3.25,NAN,NAN
2015,1,29,0,110.3333333,0,NAN,NAN
2015,1,30,6.85,177.6666667,74.66666667,NAN,2
2015,1,31,0.575,173.6666667,33.75,NAN,NAN
2015,2,1,0.45,156.6666667,10.33333333,NAN,0.5
2015,2,2,20.825,309,182,NAN,18.5
2015,2,3,0.575,330.3333333,26,NAN,NAN
2015,2,4,4.5,334.6666667,45,NAN,4.1
2015,2,5,3.35,381,74.66666667,NAN,2.5
2015,2,6,0,360,0,NAN,NAN
2015,2,7,0,326.3333333,0,NAN,NAN
2015,2,8,0,258.3333333,0,NAN,NAN
2015,2,9,2.35,228.3333333,6.666666667,NAN,4.3
2015,2,10,0,228.3333333,0,NAN,NAN
2015,2,11,0,224.3333333,0,NAN,NAN
2015,2,12,1.85,245.6666667,22,NAN,0.8
2015,2,13,0.325,237,7.666666667,NAN,NAN
2015,2,14,1.85,279.3333333,38,NAN,2
2015,2,15,2.275,927,69.66666667,NAN,0.8
2015,2,16,0,267,0,NAN,NAN
2015,2,17,0,267,0,NAN,NAN
2015,2,18,0.375,262.6666667,8.666666667,NAN,0.5
2015,2,19,1.225,300.6666667,28.75,NAN,0.3
2015,2,20,0.2,292.3333333,5.75,NAN,NAN
2015,2,21,0.525,303,12.66666667,NAN,0.3
2015,2,22,5.025,351.6666667,71,NAN,2.5
2015,2,23,0.525,368.6666667,19,NAN,NAN
2015,2,24,0,355.6666667,0,NAN,NAN
2015,2,25,0,360,2,NAN,NAN
2015,2,26,0,338.6666667,0,NAN,NAN
2015,2,27,0.825,343,13.25,NAN,NAN
2015,2,28,0,330.3333333,0,NAN,NAN
2015,3,1,2.7,364,40.33333333,NAN,1.3
2015,3,2,2.75,398,32.33333333,NAN,1.3
2015,3,3,0,372.6666667,0,NAN,NAN
2015,3,4,4.325,347.3333333,25,NAN,NAN
2015,3,5,0,334.3333333,0,NAN,NAN
2015,3,6,0,330,0,NAN,NAN
2015,3,7,0,317.6666667,0,NAN,NAN
2015,3,8,0,304.6666667,0,NAN,NAN
2015,3,9,0,279.3333333,0,NAN,NAN
2015,3,10,0,241.3333333,0,NAN,NAN
2015,3,11,0.325,194.6666667,0,NAN,NAN
2015,3,12,0,152.3333333,0,NAN,NAN
2015,3,13,0,118.6666667,0,NAN,NAN
2015,3,14,5.525,51,0,NAN,NAN
2015,3,15,0,8.333333333,0,NAN,NAN
2015,3,16,0,6.5,0,NAN,NAN
2015,3,17,0,0,0,NAN,NAN
2015,3,18,0,0,0,NAN,NAN
2015,3,19,0,4.333333333,0,NAN,NAN
2015,3,20,0,0,0,NAN,NAN
2015,3,21,0,0,0,NAN,NAN
2015,3,22,0.26,0,0,NAN,NAN
2015,3,23,0,0,0,NAN,NAN
2015,3,24,0,0,0,NAN,NAN
2015,3,25,0,0,0,NAN,NAN
2015,3,26,7.32,0,0,NAN,NAN
2015,3,27,8.28,0,0,NAN,NAN
2015,3,28,0.65,12.5,8.25,NAN,NAN
2015,3,29,0,0,0,NAN,NAN
2015,3,30,0.26,0,0,NAN,NAN
2015,3,31,2.8,12.5,10,NAN,3.3
2015,4,1,0.98,0,0,NAN,NAN
2015,4,2,0,0,0,NAN,NAN
2015,4,3,6.76,0,0,NAN,NAN
2015,4,4,5.04,0,5.5,NAN,NAN
2015,4,5,0.66,0,0,NAN,NAN
2015,4,6,0.1,0,0,NAN,NAN
2015,4,7,2.883333333,0,5,0,0
2015,4,8,7.583333333,0,0,0,0
2015,4,9,3.383333333,0,0,0,0
2015,4,10,17.13333333,0,0,0,0
2015,4,11,3.85,0,0,0,0
2015,4,12,0,0,0,0,0
2015,4,13,0,0,0,0,0
2015,4,14,3.557142857,0,0,0,0
2015,4,15,0,0,0,NAN,NAN
2015,4,16,0.071428571,0,0,NAN,NAN
2015,4,17,4.385714286,0,0,0,0
2015,4,18,0,0,0,NAN,NAN
2015,4,19,0,0,0,NAN,NAN
2015,4,20,12.34285714,0,0,0,0
2015,4,21,2.571428571,0,0,0,0
2015,4,22,1.414285714,0,0,0,0
2015,4,23,0.814285714,0,0.75,0,0
2015,4,24,0.071428571,0,0.714285714,0,0
2015,4,25,0,0,0,NAN,NAN
2015,4,26,0,0,0,NAN,NAN
2015,4,27,0.216666667,0,0,NAN,NAN
2015,4,28,1.371428571,0,0,0,0
2015,4,29,0,0,0,NAN,NAN
2015,4,30,0,0,0,0,0
2015,5,1,2.514285714,0,0,0,0
2015,5,2,0,NAN,0,NAN,NAN
2015,5,3,0,NAN,0,NAN,NAN
2015,5,4,0,0,0,0,0
2015,5,5,1.414285714,NAN,0,NAN,NAN
2015,5,6,12.47142857,NAN,NAN,NAN,NAN
2015,5,7,0.042857143,NAN,0,NAN,NAN
2015,5,8,0,NAN,0,NAN,NAN
2015,5,9,0,NAN,0,NAN,NAN
2015,5,10,1.625,NAN,0,NAN,NAN
2015,5,11,1.175,NAN,0,NAN,NAN
2015,5,12,7.65,NAN,NAN,NAN,NAN
2015,5,13,0.1,NAN,0,NAN,NAN
2015,5,14,0.1,NAN,0,NAN,NAN
2015,5,15,0.0625,NAN,0,NAN,NAN
2015,5,16,8.1625,NAN,0,NAN,NAN
2015,5,17,1.0375,NAN,0,NAN,NAN
2015,5,18,3.975,NAN,0,NAN,NAN
2015,5,19,1.6625,NAN,0,NAN,NAN
2015,5,20,0,NAN,0,NAN,NAN
2015,5,21,0.1625,NAN,0,NAN,NAN
2015,5,22,0.225,NAN,0,NAN,NAN
2015,5,23,0,NAN,0,NAN,NAN
2015,5,24,0,NAN,0,NAN,NAN
2015,5,25,0,NAN,0,NAN,NAN
2015,5,26,0,NAN,0,NAN,NAN
2015,5,27,6.4625,NAN,0,NAN,NAN
2015,5,28,12.2625,NAN,NAN,NAN,NAN
2015,5,29,0.0375,NAN,0,NAN,NAN
2015,5,30,0.1,NAN,0,NAN,NAN
2015,5,31,37.375,NAN,NAN,NAN,NAN
2015,6,1,25.175,NAN,NAN,NAN,NAN
2015,6,2,0.225,NAN,0,NAN,NAN
2015,6,3,0,NAN,0,NAN,NAN
2015,6,4,0,NAN,0,NAN,NAN
2015,6,5,0,NAN,0,NAN,NAN
2015,6,6,0.7375,NAN,0,NAN,NAN
2015,6,7,0,NAN,0,NAN,NAN
2015,6,8,3.1125,NAN,0,NAN,NAN
2015,6,9,9.3,NAN,NAN,NAN,NAN
2015,6,10,1.3375,NAN,0,NAN,NAN
2015,6,11,4.95,NAN,0,NAN,NAN
2015,6,12,0.0625,NAN,0,NAN,NAN
2015,6,13,16.825,NAN,0,NAN,NAN
2015,6,14,2.0375,NAN,0,NAN,NAN
2015,6,15,22.8,NAN,NAN,NAN,NAN
2015,6,16,10.6625,NAN,NAN,NAN,NAN
2015,6,17,1.9125,NAN,0,NAN,NAN
2015,6,18,0.2,NAN,0,NAN,NAN
2015,6,19,2.325,NAN,0,NAN,NAN
2015,6,20,0.114285714,NAN,0,NAN,NAN
2015,6,21,0.4125,NAN,0,NAN,NAN
2015,6,22,0.125,NAN,0,NAN,NAN
2015,6,23,20.13333333,NAN,NAN,NAN,NAN
2015,6,24,0.966666667,NAN,0,NAN,NAN
2015,6,25,0,NAN,0,NAN,NAN
2015,6,26,0.333333333,NAN,0,NAN,NAN
2015,6,27,8.522222222,NAN,0,NAN,NAN
2015,6,28,44.35555556,NAN,NAN,NAN,NAN
2015,6,29,3.5,NAN,0,NAN,NAN
2015,6,30,1.811111111,NAN,0,NAN,NAN
2015,7,1,7.044444444,NAN,0,NAN,NAN
2015,7,2,0.055555556,NAN,0,NAN,NAN
2015,7,3,0,NAN,0,NAN,NAN
2015,7,4,0,NAN,0,NAN,NAN
2015,7,5,0,NAN,0,NAN,NAN
2015,7,6,0,NAN,0,NAN,NAN
2015,7,7,0.055555556,NAN,0,NAN,NAN
2015,7,8,12.44444444,NAN,NAN,NAN,NAN
2015,7,9,3.388888889,NAN,NAN,NAN,NAN
2015,7,10,17.01428571,NAN,NAN,NAN,NAN
2015,7,11,0.071428571,NAN,0,NAN,NAN
2015,7,12,0,NAN,0,NAN,NAN
2015,7,13,3.0375,NAN,0,NAN,NAN
2015,7,14,2.175,NAN,0,NAN,NAN
2015,7,15,18.25,NAN,NAN,NAN,NAN
2015,7,16,0.0625,NAN,0,NAN,NAN
2015,7,17,0.25,NAN,0,NAN,NAN
2015,7,18,1.6625,NAN,0,NAN,NAN
2015,7,19,0,NAN,0,NAN,NAN
2015,7,20,5.5375,NAN,0,NAN,NAN
2015,7,21,0.0625,NAN,0,NAN,NAN
2015,7,22,0.942857143,NAN,0,NAN,NAN
2015,7,23,0,NAN,0,NAN,NAN
2015,7,24,0,NAN,0,NAN,NAN
2015,7,25,0,NAN,0,NAN,NAN
2015,7,26,3.414285714,NAN,0,NAN,NAN
2015,7,27,0,NAN,0,NAN,NAN
2015,7,28,0,NAN,0,NAN,NAN
2015,7,29,0,NAN,0,NAN,NAN
2015,7,30,4.477777778,NAN,0,NAN,NAN
2015,7,31,0,NAN,0,NAN,NAN
2015,8,1,0,NAN,0,NAN,NAN
2015,8,2,0.4,NAN,0,NAN,NAN
2015,8,3,17.37777778,NAN,NAN,NAN,NAN
2015,8,4,4.611111111,NAN,0,NAN,NAN
2015,8,5,1.977777778,NAN,0,NAN,NAN
2015,8,6,0,NAN,0,NAN,NAN
2015,8,7,0,NAN,0,NAN,NAN
2015,8,8,0,NAN,0,NAN,NAN
2015,8,9,0.333333333,NAN,0,NAN,NAN
2015,8,10,0.233333333,NAN,0,NAN,NAN
2015,8,11,10.46666667,NAN,NAN,NAN,NAN
2015,8,12,0.822222222,NAN,0,NAN,NAN
2015,8,13,0.333333333,NAN,0,NAN,NAN
2015,8,14,0.055555556,NAN,0,NAN,NAN
2015,8,15,5.888888889,NAN,0,NAN,NAN
2015,8,16,0,NAN,0,NAN,NAN
2015,8,17,0,NAN,0,NAN,NAN
2015,8,18,0.533333333,NAN,0,NAN,NAN
2015,8,19,1.9375,NAN,0,NAN,NAN
2015,8,20,2.588888889,NAN,0,NAN,NAN
2015,8,21,3.133333333,NAN,NAN,NAN,NAN
2015,8,22,0,NAN,0,NAN,NAN
2015,8,23,0,NAN,0,NAN,NAN
2015,8,24,2.055555556,NAN,0,NAN,NAN
2015,8,25,0.455555556,NAN,0,NAN,NAN
2015,8,26,4.188888889,NAN,0,NAN,NAN
2015,8,27,1.555555556,NAN,0,NAN,NAN
2015,8,28,0.255555556,NAN,0,NAN,NAN
2015,8,29,0,NAN,0,NAN,NAN
2015,8,30,6.825,NAN,0,NAN,NAN
2015,8,31,0.511111111,NAN,0,NAN,NAN
2015,9,1,0.033333333,NAN,0,NAN,NAN
2015,9,2,0,NAN,0,NAN,NAN
2015,9,3,3.666666667,NAN,0,NAN,NAN
2015,9,4,9.977777778,NAN,0,NAN,NAN
2015,9,5,2.144444444,NAN,0,NAN,NAN
2015,9,6,0,NAN,0,NAN,NAN
2015,9,7,0,NAN,0,NAN,NAN
2015,9,8,0,NAN,0,NAN,NAN
2015,9,9,0.1875,NAN,0,NAN,NAN
2015,9,10,0.7875,NAN,NAN,NAN,NAN
2015,9,11,0,NAN,0,NAN,NAN
2015,9,12,26.0125,NAN,NAN,NAN,NAN
2015,9,13,14.41428571,NAN,0,NAN,NAN
2015,9,14,0.2625,NAN,0,NAN,NAN
2015,9,15,0,NAN,0,NAN,NAN
2015,9,16,0,NAN,0,NAN,NAN
2015,9,17,0,NAN,0,NAN,NAN
2015,9,18,0,NAN,0,NAN,NAN
2015,9,19,9.533333333,NAN,NAN,NAN,NAN
2015,9,20,9.2,NAN,3,NAN,NAN
2015,9,21,0.033333333,NAN,0,NAN,NAN
2015,9,22,0,NAN,0,NAN,NAN
2015,9,23,0.033333333,NAN,0,NAN,NAN
2015,9,24,0,NAN,0,NAN,NAN
2015,9,25,0,NAN,0,NAN,NAN
2015,9,26,0,NAN,0,NAN,NAN
2015,9,27,0,NAN,0,NAN,NAN
2015,9,28,0.366666667,NAN,0,NAN,NAN
2015,9,29,0.855555556,NAN,0,NAN,NAN
2015,9,30,15.3625,NAN,NAN,NAN,NAN
2015,10,1,0.45,NAN,0,NAN,NAN
2015,10,2,0,NAN,0,NAN,NAN
2015,10,3,0.1875,NAN,0,NAN,NAN
2015,10,4,10.06666667,NAN,NAN,NAN,NAN
2015,10,5,0.111111111,NAN,0,NAN,NAN
2015,10,6,0.033333333,NAN,0,NAN,NAN
2015,10,7,0.222222222,NAN,0,NAN,NAN
2015,10,8,0.055555556,NAN,0,NAN,NAN
2015,10,9,5.044444444,NAN,0,NAN,NAN
2015,10,10,1.277777778,NAN,0,NAN,NAN
2015,10,11,0.033333333,NAN,0,NAN,NAN
2015,10,12,0,NAN,0,NAN,NAN
2015,10,13,0,NAN,0,NAN,NAN
2015,10,14,3.222222222,NAN,0,NAN,NAN
2015,10,15,1.7,NAN,0,NAN,NAN
2015,10,16,3.333333333,NAN,0,NAN,NAN
2015,10,17,3.111111111,NAN,0,NAN,NAN
2015,10,18,2.811111111,0,0,0,0
2015,10,19,0.333333333,0,0,0,0
2015,10,20,0,0,0,0,0
2015,10,21,0.622222222,NAN,0,NAN,NAN
2015,10,22,0.0375,NAN,0,NAN,NAN
2015,10,23,0,NAN,0,NAN,NAN
2015,10,24,0.444444444,NAN,0,NAN,NAN
2015,10,25,8.833333333,NAN,0,NAN,NAN
2015,10,26,0,NAN,0,NAN,NAN
2015,10,27,0,NAN,0,NAN,NAN
2015,10,28,23,NAN,0,NAN,NAN
2015,10,29,18.32857143,NAN,0,NAN,NAN
2015,10,30,1,NAN,0,NAN,NAN
2015,10,31,0,NAN,0,NAN,NAN
2015,11,1,4.155555556,NAN,0,NAN,NAN
2015,11,2,0.055555556,NAN,0,NAN,NAN
2015,11,3,0,NAN,0,NAN,NAN
2015,11,4,0,NAN,0,NAN,NAN
2015,11,5,0,NAN,0,NAN,NAN
2015,11,6,4.377777778,NAN,0,NAN,NAN
2015,11,7,1.3,NAN,0,NAN,NAN
2015,11,8,0.211111111,NAN,0,NAN,NAN
2015,11,9,0,NAN,0,NAN,NAN
2015,11,10,3.188888889,NAN,0,NAN,NAN
2015,11,11,9.488888889,NAN,NAN,NAN,NAN
2015,11,12,2.111111111,NAN,0,NAN,NAN
2015,11,13,1.955555556,NAN,0,NAN,NAN
2015,11,14,2.588888889,0,4,NAN,NAN
2015,11,15,0.055555556,0,0,NAN,NAN
2015,11,16,0,NAN,0,NAN,NAN
2015,11,17,0,NAN,0,NAN,NAN
2015,11,18,0,NAN,0,NAN,NAN
2015,11,19,3.211111111,NAN,0,NAN,NAN
2015,11,20,0,NAN,0,NAN,NAN
2015,11,21,0.344444444,25,3.571428571,1.3,NAN
2015,11,22,8.3,38,24,0,1.4
2015,11,23,0.6,42.33333333,5.75,0,0
2015,11,24,0.1625,29.66666667,2.571428571,0,0.5
2015,11,25,0,0,0,NAN,NAN
2015,11,26,0,0,0,0,0
2015,11,27,0.033333333,NAN,0,NAN,NAN
2015,11,28,9.166666667,0,0,0,0
2015,11,29,0.622222222,0,0,0,0
2015,11,30,0,NAN,0,NAN,NAN
2015,12,1,0,NAN,0,NAN,NAN
2015,12,2,1.366666667,0,0,0,0
2015,12,3,5.255555556,47,27.25,2,2
2015,12,4,0.225,0,1.625,NAN,NAN
2015,12,5,0,0,0,NAN,NAN
2015,12,6,0,NAN,0,NAN,NAN
2015,12,7,0,NAN,0,NAN,NAN
2015,12,8,0,NAN,0,NAN,NAN
2015,12,9,0,NAN,0,NAN,NAN
2015,12,10,0,NAN,0,NAN,NAN
2015,12,11,0,NAN,0,NAN,NAN
2015,12,12,0,NAN,0,NAN,NAN
2015,12,13,0.533333333,NAN,0,NAN,NAN
2015,12,14,0,NAN,0,NAN,NAN
2015,12,15,3.833333333,0,0,0,0
2015,12,16,0.311111111,0,0,0,0
2015,12,17,0.822222222,0,0,0,0
2015,12,18,0,NAN,0,NAN,NAN
2015,12,19,1.322222222,61.33333333,29.83333333,6.6,6.6
2015,12,20,0.588888889,54.5,11,6.1,1.8
2015,12,21,1.444444444,0,0,0,0
2015,12,22,8.711111111,0,0,0,0
2015,12,23,0.8375,0,0,0,0
2015,12,24,4.1625,0,0,0,0
2015,12,25,0.177777778,0,0,0,0
2015,12,26,0,NAN,0,NAN,NAN
2015,12,27,21.9,0,0,0,0
2015,12,28,4.388888889,0,0,0,0
2015,12,29,22.61111111,0,0,0,0
2015,12,30,0.577777778,0,0,0,0
2015,12,31,0.055555556,0,0,0,0
2016,1,1,0.055555556,0,0.428571429,0,0
2016,1,2,1.322222222,84,25.14285714,11.9,11.9
2016,1,3,0,59.5,0,9.9,0
2016,1,4,0.344444444,41.33333333,2.666666667,7.1,0.15
2016,1,5,0.45,50.5,13.85714286,NAN,NAN
2016,1,6,0,32,0,NAN,NAN
2016,1,7,0,25,0,NAN,NAN
2016,1,8,0,0,0,NAN,NAN
2016,1,9,6.225,0,0,NAN,NAN
2016,1,10,5.8,NAN,0,NAN,NAN
2016,1,11,6.1875,62,51.8,NAN,9.9
2016,1,12,2.0875,59.25,30,NAN,0.8
2016,1,13,1.9125,138.8,78.33333333,NAN,NAN
2016,1,14,1.025,142.2,63.16666667,NAN,0.5
2016,1,15,0,149,0,NAN,NAN
2016,1,16,6.028571429,76,0,NAN,NAN
2016,1,17,0,38,1.333333333,NAN,0
2016,1,18,#NAME?,159,110.2,10.7,4.85
2016,1,19,3.985714286,230.75,94.33333333,39.1,17.5
2016,1,20,0.516666667,187.3333333,27,NAN,NAN
2016,1,21,0.3,172,16.5,NAN,0.3
2016,1,22,0,151,2.2,NAN,NAN
2016,1,23,0.05,128,1.6,NAN,NAN
2016,1,24,0,178,1.6,NAN,NAN
2016,1,25,0,140,0,NAN,NAN
2016,1,26,0.585714286,82.5,0,NAN,NAN
2016,1,27,0.114285714,102,1.25,NAN,NAN
2016,1,28,0,76,0,NAN,NAN
2016,1,29,0.685714286,127,12,NAN,NAN
2016,1,30,0.216666667,127,3.25,NAN,NAN
2016,1,31,0,76,0,NAN,NAN
2016,2,1,1.928571429,0,0,NAN,NAN
2016,2,2,0,0,0,NAN,NAN
2016,2,3,10.88571429,0,0,NAN,NAN
2016,2,4,0.142857143,0,1,NAN,0.5
2016,2,5,1.928571429,32,31.25,NAN,2
2016,2,6,0,0,0,NAN,NAN
2016,2,7,0,0,0,NAN,NAN
2016,2,8,1.1,0,0,NAN,NAN
2016,2,9,7.866666667,25,21,NAN,7.6
2016,2,10,2.25,58,50,NAN,0.8
2016,2,11,1.616666667,118.6666667,46.8,NAN,1.3
2016,2,12,0.266666667,92.33333333,5,NAN,NAN
2016,2,13,1.583333333,96.66666667,32.33333333,NAN,NAN
2016,2,14,0.16,133.5,2.5,NAN,NAN
2016,2,15,0.4,84,6.5,NAN,3.2
2016,2,16,2.45,105,33.66666667,NAN,NAN
2016,2,17,1.433333333,113.6666667,22.25,NAN,2.5
2016,2,18,0.25,108.6666667,7,NAN,NAN
2016,2,19,0,95.66666667,0,NAN,NAN
2016,2,20,0,0,0,NAN,NAN
2016,2,21,0,0,0,NAN,NAN
2016,2,22,0,0,0,NAN,NAN
2016,2,23,0,0,0,NAN,NAN
2016,2,24,2.985714286,0,0,NAN,NAN
2016,2,25,23.08571429,17,26.25,NAN,21.6
2016,2,26,1.242857143,42.33333333,58.5,NAN,1.3
2016,2,27,0,16.66666667,0,NAN,NAN
2016,2,28,0,0,0,NAN,NAN
2016,2,29,3.114285714,0,0,NAN,NAN
2016,3,1,0.114285714,0,0,NAN,NAN
2016,3,2,11.37142857,16.66666667,21.5,NAN,14
2016,3,3,0.157142857,15,5.2,NAN,NAN
2016,3,4,2.15,46.66666667,38,NAN,0.5
2016,3,5,0.6,25.33333333,7.666666667,NAN,0.8
2016,3,6,0.433333333,16.66666667,5,NAN,NAN
2016,3,7,0,4.333333333,0,NAN,NAN
2016,3,8,0,0,0,NAN,NAN
2016,3,9,0,0,0,NAN,NAN
2016,3,10,2.114285714,0,0,NAN,NAN
2016,3,11,7.628571429,0,0,NAN,NAN
2016,3,12,0.071428571,0,0,NAN,NAN
2016,3,13,0.7,0,0,NAN,NAN
2016,3,14,10.81428571,0,0,NAN,NAN
2016,3,15,9.257142857,0,0,NAN,NAN
2016,3,16,2.242857143,0,0,NAN,NAN
2016,3,17,2.028571429,0,0,NAN,NAN
2016,3,18,0,0,0,NAN,NAN
2016,3,19,0,0,0,NAN,NAN
2016,3,20,0,0,0,NAN,NAN
2016,3,21,0,0,0,NAN,NAN
2016,3,22,0,0,0,NAN,NAN
2016,3,23,0,0,0,NAN,NAN
2016,3,24,3.871428571,0,0,NAN,NAN
2016,3,25,18.675,0,0,NAN,NAN
2016,3,26,0.0375,0,0,NAN,NAN
2016,3,27,0.042857143,0,0,NAN,NAN
2016,3,28,17.2125,0,0,NAN,NAN
2016,3,29,3.4875,0,0,NAN,NAN
2016,3,30,0,0,0,NAN,NAN
2016,3,31,6.55,0,0,NAN,NAN
2016,4,1,19.5375,0,0,NAN,NAN
2016,4,2,0.825,0,0,NAN,NAN
2016,4,3,2.6375,22,23,2.3,2.3
2016,4,4,0.7,0,0,NAN,NAN
2016,4,5,0.325,4.333333333,3.285714286,1.3,1.3
2016,4,6,0,0,0,NAN,NAN
2016,4,7,14.25,0,0,0,0
2016,4,8,3.2125,14.33333333,20.33333333,0.8,0.8
2016,4,9,4.0125,90.25,66.83333333,1.8,2.05
2016,4,10,0.0375,80.33333333,1.142857143,0,0
2016,4,11,7.55,8.333333333,1.666666667,0,0
2016,4,12,3.7125,0,0,0,0
2016,4,13,0.0375,0,0,0,0
2016,4,14,0,0,0,0,0
2016,4,15,0,0,0,NAN,NAN
2016,4,16,0,0,0,NAN,NAN
2016,4,17,0,0,0,0,0
2016,4,18,0,0,0,NAN,NAN
2016,4,19,0,0,0,NAN,NAN
2016,4,20,0,0,0,NAN,NAN
2016,4,21,0,0,0,NAN,NAN
2016,4,22,2.5,0,0,NAN,NAN
2016,4,23,0.142857143,0,0,NAN,NAN
2016,4,24,0,0,0,NAN,NAN
2016,4,25,0,0,0,NAN,NAN
2016,4,26,10.375,0,0,NAN,NAN
2016,4,27,0.175,0,0,NAN,NAN
2016,4,28,0,0,0,NAN,NAN
2016,4,29,1.475,0,0,NAN,NAN
2016,4,30,3.0625,0,0,NAN,NAN
2016,5,1,12.67142857,0,0,NAN,NAN
2016,5,2,11.33333333,0,0,NAN,NAN
2016,5,3,0.885714286,0,0,NAN,NAN
2016,5,4,0,0,0,NAN,NAN
2016,5,5,0.442857143,0,0,NAN,NAN
2016,5,6,0,0,0,NAN,NAN
2016,5,7,0,0,0,NAN,NAN
2016,5,8,1.7125,0,0,NAN,NAN
2016,5,9,0.114285714,0,0,NAN,NAN
2016,5,10,0,0,0,NAN,NAN
2016,5,11,0.7875,0,0,NAN,NAN
2016,5,12,0.1375,0,0,NAN,NAN
2016,5,13,11.6,0,0,NAN,NAN
2016,5,14,3.75,0,0,NAN,NAN
2016,5,15,4.8875,0,0,NAN,NAN
2016,5,16,0.825,0,2,0,0
2016,5,17,0.475,0,0,NAN,NAN
2016,5,18,0.45,0,0,NAN,NAN
2016,5,19,0,0,0,NAN,NAN
2016,5,20,0,0,0,NAN,NAN
2016,5,21,0.1375,0,0,NAN,NAN
2016,5,22,0.7,0,0,NAN,NAN
2016,5,23,0,0,0,NAN,NAN
2016,5,24,0,0,0,NAN,NAN
2016,5,25,0,0,0,NAN,NAN
2016,5,26,0,0,0,NAN,NAN
2016,5,27,0,0,0,NAN,NAN
2016,5,28,0,0,0,NAN,NAN
2016,5,29,1.3625,0,0,NAN,NAN
2016,5,30,1.75,0,0,NAN,NAN
2016,5,31,0,0,0,NAN,NAN
2016,6,1,0,0,0,NAN,NAN
2016,6,2,0.925,0,0,NAN,NAN
2016,6,3,0,0,0,NAN,NAN
2016,6,4,0,0,0,NAN,NAN
2016,6,5,9.2125,0,0,NAN,NAN
2016,6,6,7.2125,0,0,NAN,NAN
2016,6,7,1.575,0,0,NAN,NAN
2016,6,8,1.3125,0,0,NAN,NAN
2016,6,9,0,0,0,NAN,NAN
2016,6,10,0,0,0,NAN,NAN
2016,6,11,0,0,0,NAN,NAN
2016,6,12,0,0,0,NAN,NAN
2016,6,13,0,0,0,NAN,NAN
2016,6,14,0,0,0,NAN,NAN
2016,6,15,0,0,0,NAN,NAN
2016,6,16,1.275,0,0,NAN,NAN
2016,6,17,17.8875,0,0,NAN,NAN
2016,6,18,0,0,0,NAN,NAN
2016,6,19,0,0,0,NAN,NAN
2016,6,20,0,0,0,NAN,NAN
2016,6,21,0.225,0,0,NAN,NAN
2016,6,22,0,0,0,NAN,NAN
2016,6,23,0,0,0,NAN,NAN
2016,6,24,1.075,0,0,NAN,NAN
2016,6,25,0,0,0,NAN,NAN
2016,6,26,0,0,0,NAN,NAN
2016,6,27,3.65,0,0,NAN,NAN
2016,6,28,0,0,0,NAN,NAN
2016,6,29,0,0,0,NAN,NAN
2016,6,30,0,0,0,NAN,NAN
2016,7,1,0,0,0,NAN,NAN
2016,7,2,4.4875,0,0,NAN,NAN
2016,7,3,0,0,0,NAN,NAN
2016,7,4,0,0,0,NAN,NAN
2016,7,5,1.8625,0,0,NAN,NAN
2016,7,6,0,0,0,NAN,NAN
2016,7,7,6.425,0,0,NAN,NAN
2016,7,8,18.2875,0,0,NAN,NAN
2016,7,9,10,0,0,NAN,NAN
2016,7,10,0.325,0,0,NAN,NAN
2016,7,11,0,0,0,NAN,NAN
2016,7,12,0,0,0,NAN,NAN
2016,7,13,0,0,0,NAN,NAN
2016,7,14,12.23333333,0,0,NAN,NAN
2016,7,15,0.2,0,0,NAN,NAN
2016,7,16,0.6625,0,0,NAN,NAN
2016,7,17,0.125,0,0,NAN,NAN
2016,7,18,0.9125,0,0,NAN,NAN
2016,7,19,0.5375,0,0,NAN,NAN
2016,7,20,0,0,0,NAN,NAN
2016,7,21,0,0,0,NAN,NAN
2016,7,22,8.8625,0,0,NAN,NAN
2016,7,23,7.733333333,0,0,NAN,NAN
2016,7,24,0,0,0,NAN,NAN
2016,7,25,6.1625,0,0,NAN,NAN
2016,7,26,2.9875,0,0,NAN,NAN
2016,7,27,0,0,0,NAN,NAN
2016,7,28,0,0,0,NAN,NAN
2016,7,29,1.8125,0,0,NAN,NAN
2016,7,30,8.2625,0,0,NAN,NAN
2016,7,31,7.3,0,0,NAN,NAN
2016,8,1,11.0625,0,0,NAN,NAN
2016,8,2,0.4375,0,0,NAN,NAN
2016,8,3,0,0,0,NAN,NAN
2016,8,4,0,0,0,NAN,NAN
2016,8,5,0,0,0,NAN,NAN
2016,8,6,1.9375,0,0,NAN,NAN
2016,8,7,0.1875,0,0,NAN,NAN
2016,8,8,0,0,0,NAN,NAN
2016,8,9,0,0,0,NAN,NAN
2016,8,10,16.1875,0,0,NAN,NAN
2016,8,11,1.35,0,0,NAN,NAN
2016,8,12,7.477777778,0,0,NAN,NAN
2016,8,13,3.477777778,0,0,NAN,NAN
2016,8,14,9.488888889,0,0,NAN,NAN
2016,8,15,1.611111111,0,0,NAN,NAN
2016,8,16,9.288888889,0,0,NAN,NAN
2016,8,17,3.855555556,0,0,NAN,NAN
2016,8,18,0.477777778,0,0,NAN,NAN
2016,8,19,0,0,0,NAN,NAN
2016,8,20,5.155555556,0,0,NAN,NAN
2016,8,21,2.166666667,0,0,NAN,NAN
2016,8,22,3.544444444,0,0,NAN,NAN
2016,8,23,0.255555556,0,0,NAN,NAN
2016,8,24,0,0,0,NAN,NAN
2016,8,25,10,0,0,NAN,NAN
2016,8,26,3.844444444,0,0,NAN,NAN
2016,8,27,0,0,0,NAN,NAN
2016,8,28,5.566666667,0,0,NAN,NAN
2016,8,29,2.888888889,0,0,NAN,NAN
2016,8,30,0.055555556,0,0,NAN,NAN
2016,8,31,2.033333333,0,0,NAN,NAN
2016,9,1,7.377777778,0,0,NAN,NAN
2016,9,2,0.211111111,0,0,NAN,NAN
2016,9,3,0.1375,0,0,NAN,NAN
2016,9,4,0.033333333,0,0,NAN,NAN
2016,9,5,0,0,0,NAN,NAN
2016,9,6,0,0,0,NAN,NAN
2016,9,7,0.311111111,0,0,NAN,NAN
2016,9,8,6.722222222,0,0,NAN,NAN
2016,9,9,12.44444444,0,0,NAN,NAN
2016,9,10,13.82222222,0,0,NAN,NAN
2016,9,11,14.86666667,0,0,NAN,NAN
2016,9,12,0.055555556,0,0,NAN,NAN
2016,9,13,0,0,0,NAN,NAN
2016,9,14,1.011111111,0,0,NAN,NAN
2016,9,15,0.033333333,0,0,NAN,NAN
2016,9,16,0,0,0,NAN,NAN
2016,9,17,8.122222222,0,0,NAN,NAN
2016,9,18,19.86666667,0,0,NAN,NAN
2016,9,19,0.388888889,0,0,NAN,NAN
2016,9,20,0,0,0,NAN,NAN
2016,9,21,0,0,0,NAN,NAN
2016,9,22,0,0,0,NAN,NAN
2016,9,23,0,0,0,NAN,NAN
2016,9,24,0,0,0,NAN,NAN
2016,9,25,0,0,0,NAN,NAN
2016,9,26,1.611111111,0,0,NAN,NAN
2016,9,27,6.044444444,0,0,NAN,NAN
2016,9,28,0,0,0,NAN,NAN
2016,9,29,11.77777778,0,0,NAN,NAN
2016,9,30,25.97777778,0,0,NAN,NAN
2016,10,1,11.2875,0,0,NAN,NAN
2016,10,2,10.975,0,0,NAN,NAN
2016,10,3,1.444444444,0,0,NAN,NAN
2016,10,4,0.033333333,0,0,NAN,NAN
2016,10,5,0,0,0,NAN,NAN
2016,10,6,0,0,0,NAN,NAN
2016,10,7,0.0375,0,0,NAN,NAN
2016,10,8,0.628571429,0,0,NAN,NAN
2016,10,9,0.25,0,0,NAN,NAN
2016,10,10,0,0,0,NAN,NAN
2016,10,11,0.125,0,0,NAN,NAN
2016,10,12,0,0,0,NAN,NAN
2016,10,13,3.725,0,0,NAN,NAN
2016,10,14,0.7875,0,0,NAN,NAN
2016,10,15,0.0625,0,0,NAN,NAN
2016,10,16,0,0,0,NAN,NAN
2016,10,17,3.5625,0,0,NAN,NAN
2016,10,18,0.1,0,0,NAN,NAN
2016,10,19,3.4625,0,0,NAN,NAN
2016,10,20,8.0875,0,0,NAN,NAN
2016,10,21,16.6125,0,0,NAN,NAN
2016,10,22,11.31428571,0,0,NAN,NAN
2016,10,23,0.633333333,0,0,NAN,NAN
2016,10,24,3.875,0,0,NAN,NAN
2016,10,25,0.125,0,0,NAN,NAN
2016,10,26,0.25,0,0,NAN,NAN
2016,10,27,15.475,0,0,NAN,NAN
2016,10,28,3.6625,0,0,NAN,NAN
2016,10,29,0.125,0,0,NAN,NAN
2016,10,30,3.3,0,0,NAN,NAN
2016,10,31,9.355555556,0,0,NAN,NAN
2016,11,1,0.111111111,0,0,NAN,NAN
2016,11,2,0.055555556,0,0,NAN,NAN
2016,11,3,14.21111111,0,0,NAN,NAN
2016,11,4,1.388888889,0,0,NAN,NAN
2016,11,5,0,0,0,NAN,NAN
2016,11,6,0.0375,0,0,NAN,NAN
2016,11,7,0.0375,0,0,NAN,NAN
2016,11,8,0.0625,0,0,NAN,NAN
2016,11,9,6.3875,0,0,NAN,NAN
2016,11,10,0.4125,0,0,NAN,NAN
2016,11,11,0,0,0,NAN,NAN
2016,11,12,0.2875,0,0,NAN,NAN
2016,11,13,0,0,0,NAN,NAN
2016,11,14,0,0,0,NAN,NAN
2016,11,15,0,0,0,NAN,NAN
2016,11,16,0.166666667,0,0,NAN,NAN
2016,11,17,0.155555556,0,0,NAN,NAN
2016,11,18,0,0,0,NAN,NAN
2016,11,19,2.033333333,0,0,NAN,NAN
2016,11,20,9.033333333,38,42.5,NAN,NAN
2016,11,21,1.1375,29.25,9.4,13.7,9.1
2016,11,22,0,22.25,0,11.2,NAN
2016,11,23,0,0,0,NAN,NAN
2016,11,24,6.222222222,0,0,0,0
2016,11,25,1.711111111,0,0,NAN,NAN
2016,11,26,3.411111111,0,4,NAN,NAN
2016,11,27,0.728571429,0,0,NAN,NAN
2016,11,28,0,0,0,NAN,NAN
2016,11,29,5.2625,0,0,NAN,NAN
2016,11,30,0,0,0,NAN,NAN
2016,12,1,5.277777778,0,0,NAN,NAN
2016,12,2,3.2,0,0,0,0
2016,12,3,0.522222222,0,0,NAN,NAN
2016,12,4,0.2,0,0,NAN,NAN
2016,12,5,3.422222222,0,0,NAN,NAN
2016,12,6,0,0,0,NAN,NAN
2016,12,7,8.122222222,0,0,NAN,NAN
2016,12,8,0,0,0,0,0
2016,12,9,3.733333333,97.75,82.33333333,5.6,5.6
2016,12,10,7.55,470,164.2,NAN,NAN
2016,12,11,1.6,235,30.57142857,1.5,1.5
2016,12,12,12.925,191.6,50.33333333,15.25,7.15
2016,12,13,0,159.6,0,18,0
2016,12,14,0,152.5,0,NAN,NAN
2016,12,15,1.775,203.2,51.33333333,17,2.3
2016,12,16,0.7625,194.8,24.28571429,14.2,1.5
2016,12,17,3.1125,186.6,24.16666667,14.7,1.65
2016,12,18,10.8125,119.8,1.6,19.6,1.25
2016,12,19,0.442857143,157,14.83333333,17,0.75
2016,12,20,0.166666667,134,4.875,13.2,1.5
2016,12,21,0,138,0,NAN,NAN
2016,12,22,0,139.75,0,NAN,NAN
2016,12,23,0,132.6666667,0,NAN,NAN
2016,12,24,2.8875,110,0,NAN,NAN
2016,12,25,0.2,66.75,0,0,0
2016,12,26,0.144444444,46.66666667,0,0,0
2016,12,27,10.16666667,6,6,0,0.8
2016,12,28,0,0,0,NAN,NAN
2016,12,29,3,18.33333333,18.8,4.3,4.3
2016,12,30,1.225,42,19.14285714,5.3,1.5
2016,12,31,0.177777778,36.33333333,2.625,NAN,NAN
2017,1,1,0,14,0,1.5,0
2017,1,2,0,0,0,0,0
2017,1,3,4.655555556,0,0,0,0
2017,1,4,9.911111111,0,0,0,0
2017,1,5,0.711111111,34.66666667,25.5,5.6,5.6
2017,1,6,1.977777778,147.3333333,95.25,11.7,5.8
2017,1,7,0.2,108,5.125,13.2,1
2017,1,8,1.111111111,160.5,52.4,13.5,1.3
2017,1,9,0.255555556,137.25,2.166666667,13.5,0
2017,1,10,4.044444444,107.8,34,15.5,1.65
2017,1,11,8.355555556,0,0,NAN,NAN
2017,1,12,9.566666667,0,0,NAN,NAN
2017,1,13,13.75555556,0,0,NAN,NAN
2017,1,14,0,0,0,0,0
2017,1,15,0,0,0,NAN,NAN
