YEAR,1983,1983,1984,1984,1985,1985,1986,1986,1987,1987,1988,1988,1989,1989,1990,1990,1991,1991,1992,1992,1993,1993,1998,1998,2001,2001,2002,2002,2003,2003,2004,2004,2005,2005,2006,2006,2007,2007,2008,2008,2009,2009,2010,2010,2011,2011,2012,2012,2013,2013,2014,2014,2015,2015,2016,2016,2017,2017,2018,2018
MONTH,April    ,August   ,April    ,August   ,April    ,August   ,April    ,August   ,April    ,August   ,April    ,August   ,April    ,August   ,April    ,August   ,April    ,August   ,April    ,August   ,April    ,August   ,April    ,August   ,April    ,August   ,April    ,August   ,April    ,August   ,April    ,August   ,April    ,August   ,April    ,August   ,April    ,August   ,April    ,August   ,April    ,August   ,April    ,August   ,April    ,August   ,April    ,August   ,April    ,August   ,April    ,August   ,April    ,August   ,April    ,August   ,April    ,August   ,April    ,August   
SAMPLE_DEPTH_M,,,,,,,,,,,,,,,,,,,,,,,,,,,,,,,,,,,,,,,,,,,,,,,,,,,,,,,,,,,,
-62.0,,,,,,,,,,,,,,,,,,,,,,,,,,,,,,,,,,,,,,,,,2.6,,,,,,,,,,,,,,3.2,,,,,
-61.8,,,,,,,,,,,,,,,,,,,,,,,,,,,,,,,,,,,,5.1,,,,,,5.1,1.7,,,,,,,,,,,,,,,,,
-61.7,,,,,,,,,,,,,,,,,,,,,,,,,,,,,,,,,,,,,0.9,,,,,,,,,,3.7,,,,1.3,,,,,,,,,
-61.5,,,,,,,,,,,,,,,,,,,,,,,,,,,,,,,,,,,1.9,,,,,,,,,5.8,,,,,,,,,,5.7,,,,,,
-61.4,,,,,,,,,,,,,,,,,,,,,,,,,,,,,,,,,,,,,,4.3,,,,,,,,4.7,,,,,,,1.4,,,,,,,
-61.3,,,,,,,,,,,,,,,,,,,,,,,,,,,,,,,,,,,,,,,2.3,,,,,,,,,,,,,4.6,,,,,,,,
-61.2,,,,,,,,,,,,,,,,,,,,,,,,,,,,,,,,,,,,,,,,,,,,,,,,,,5.7,,,,,,,,,,
-61.1,,,,,,,,,,,,,,,,,,,,,,,,,,,,,,,,,,,,,,,,,,,,,1.4,,,,,,,,,,,5.5,,,,
-61.0,,,,,,,,,,,,,,,,,,,,,,,,,,,,,1.11,5.2,,,,,,,,,,,,,,,,,,5.6,,,,,,,,,,,,
-60.9,,,,,,,,,,,,,,,,,,,,,,,,,,,,,,,,,1.2,,,,,,,,,,,,,,,,0.7,,,,,,,,,,,
-60.8,,,,,,,,,,,,,,,,,,,,,,,,,,,,,0.65,,,,,,,,,,,,,,,,,,,,,,,,,,,,,,,
-60.7,,,,,,,,,,,,,,,,,,,,,,,,,,,,,,,,,,4.8,,,,,,,,,,,,,,,,,,,,,,,,,0.9,
-60.66,,,,,,,,,1.3,,,,,,,,,,,,,,,,,,,,,,,,,,,,,,,,,,,,,,,,,,,,,,,,,,,
-60.4,,,,,,,,,,,,,,,,,,,,,,,,,,,,,,,,,,,,,,,,5.1,,,,,,,,,,,,,,,,,2.4,,,
-60.35,,,,,,,,,,,,5.0,,,2.4,,,,,,0.8400000000000001,,,,,,,,,,,,,,,,,,,,,,,,,,,,,,,,,,,,,,,
-60.3,,,,,,,,,,,,,,,,,,,,,,,3.2,,,,,,,,,,,,,,,,,,,,,,,,,,,,,,,,,,,,,
-60.05,,,,,,,2.6,,,,,,,,,,,,1.5,,,,,,,,,,,,,,,,,,,,,,,,,,,,,,,,,,,,,,,,,
-60.0,,,,,,,,,,,,,,,,,,,,,,,,,,,,,,,1.1,4.5,,,,,,,,,,,,,,,,,,,,,,,,,,,,
-59.44,,,,,2.5,,,4.4,1.3,,,,,,,6.1,2.6,,,,,,,,,,,,,,,,,,,,,,,,,,,,,,,,,,,,,,,,,,,
-59.4,,,,,,,,,,,,,,,,,,,,,,,,,,,,6.0,,,,,,,,,,,,,,,,,,,,,,,,,,,,,,,,
-59.13,,,,,,4.8,3.2,,,4.9,2.0,,,,,6.2,,5.3,0.65,,,,,,,,,,,,,,,,,,,,,,,,,,,,,,,,,,,,,,,,,
-58.83,,,,,,,,,3.9,,2.4,,,4.7,,,,,,,,,,,,,,,,,,,,,,,,,,,,,,,,,,,,,,,,,,,,,,
-58.22,,4.15,,4.95,,4.7,,,,,,,,4.3,2.25,,,,,,,,,,,,,,,,,,,,,,,,,,,,,,,,,,,,,,,,,,,,,
-58.1,,,,,,,,,,,,,,,,,,,,,,,,,,,,,,,,,1.2,,,,,,,,,,,,,,,,,,,,,,,,,,,
-58.0,,,,,,,,,,,,,,,,,,,,,,,,,,,2.4,,,,,,,,,,,,,,,,,,,,,,,,,,,,,,,,,
-57.91,,,1.4,,1.9,,,,,5.1,,4.9,,,,,3.45,5.0,,,,,,,,,,,,,,,,,,,,,,,,,,,,,,,,,,,,,,,,,,
-57.61,3.7,,,5.1,,,,,,,,,,,,,,,,,,,,,,,,,,,,,,,,,,,,,,,,,,,,,,,,,,,,,,,,
-57.6,,,,,,,,,,,,,,,,,,,,,,,,,,4.51,,,,,,,,,,,,,,,,,,,,,,,,,,,,,,,,,,
-57.0,,5.1,,,,,,,,,,,,,,,,,,,,,,,,,,,,,,,,,,,,,,,,,,,,,,,,,,,,,,,,,,
-56.39,3.5,,3.35,,,,,,,,,,,,,,,,,,,,,,,,,,,,,,,,,,,,,,,,,,,,,,,,,,,,,,,,,
-53.3,,,,,,,,,,,,,,,,,,,,,,,,,,,,,,,,,1.2,,,,,,,,,,,,,,,,,,,,,,,,,,,
-53.2,,,,,,,,,,,,,,,,,,,,,,,,,,,,,,,,,,,,,,,,,,,,,,,,,,,1.1,4.7,,,,,,,,
-53.0,,,,,,,,,,,,,,,,,,,,,,,,,,,,,,,,,,4.9,,,,,,,2.0,,,,,,,,,,,,,,2.9,,,,,
-52.9,,,,,,,,,,,,,,,,,,,,,,,,,,,,,,,,,,,,5.1,,,,,,,1.7,,,,,,0.7,,,,,,,,,,,
-52.8,,,,,,,,,,,,,,,,,,,,,,,,,,,,,,,,,,,,,,,,,,,,,,,,,,,,,1.4,,,,,,,
-52.7,,,,,,,,,,,,,,,,,,,,,,,,,,,,,,,,,,,,,,,,,,,,,,4.7,3.7,,,,,,,,,,,,,
-52.6,,,,,,,,,,,,,,,,,,,,,,,,,,,,,,,,,,,1.9,,0.9,,,,,,,,,,,,,,,,,5.8,,,,,,
-52.5,,,,,,,,,,,,,,,,,,,,,,,,,,,,,,,,,,,,,,,2.3,5.1,,,,,,,,,,,,,,,,,,,,
-52.4,,,,,,,,,,,,,,,,,,,,,,,,,,,,,,,,,1.1,,,,,,,,,5.2,,,,,,,,,,,,,,,,,,
-52.3,,,,,,,,,,,,,,,,,,,,,,,,,,,,,,,,,,,,,,,,,,,,5.8,,,,,,5.7,,,,,,,,,,
-52.2,,,,,,,,,,,,,,,,,,,,,,,,,,,,,,,,,,,,,,,,,,,,,1.3,,,5.7,,,,,,,,,,,,
-52.1,,,,,,,,,,,,,,,,,,,,,,,,,,,,,,,,,,,,,,,,,,,,,,,,,,,,,,,,,2.4,,0.9,
-52.0,,,,,,,,,,,,,,,,,,,,,,,3.2,,,,,,1.11,5.3,0.9,,,,,,,4.3,,,,,,,,,,,,,,,,,,5.5,,,,
-51.9,,,,,,,,,,,,,,,,,,,,,,,,,,,,,,,,,,,,,,,,,,,,,,,,,,,,,,,,,,5.4,,
-51.82,,,,,,,,,1.3,,,,,,1.8,,,,,,,,,,,,,,,,,,,,,,,,,,,,,,,,,,,,,,,,,,,,,
-51.8,,,,,,,,,,,,,,,,,,,,,,,,,,,,,0.65,,,,,,,,,,,,,,,,,,,,,,,,,,,,,,,
-51.21,,5.2,,,,,,,,,,,,,,6.3,2.85,,1.4,,0.8400000000000001,,,,,,,,,,,,,,,,,,,,,,,,,,,,,,,,,,,,,,,
-50.9,,,,5.1,,,2.25,,,,,,,,,,,,,,,,,,,,,,,,,,,,,,,,,,,,,,,,,,,,,,,,,,,,,
-50.6,,,,,2.2,,,,1.3,,1.7,,,,,,,,,,,,,,,,,,,,,,,,,,,,,,,,,,,,,,,,,,,,,,,,,
-50.29,,5.1,,5.1,,,,4.45,3.8,,1.2,5.0,,4.7,,6.2,2.1,,0.65,,,,,,,,,,,,,,,,,,,,,,,,,,,,,,,,,,,,,,,,,
-50.0,,,,,,,,,,,,,,,,,,,,,,,,,,,2.4,6.8,,,,,,,,,,,,,,,,,,,,,,,,,,,,,,,,
-49.99,,,,5.2,,,,,,,,,,,,,,5.3,,,,,,,,,,,,,,,,,,,,,,,,,,,,,,,,,,,,,,,,,,
-49.68,3.7,3.15,,,,4.8,,,,4.9,,,,,,,,,,,,,,,,,,,,,,,,,,,,,,,,,,,,,,,,,,,,,,,,,,
-49.38,,,2.25,,1.9,4.7,,,,,,4.9,,4.3,,,,5.0,,,,,,,,,,,,,,,,,,,,,,,,,,,,,,,,,,,,,,,,,,
-49.0,,,,,,,,,,,,,,,,,,,,,,,,,,,,,,,,4.6,,,,,,,,,,,,,,,,,,,,,,,,,,,,
-48.77,3.5,,,,,,,,,5.1,,,,,2.25,,,,,,,,,,,,,,,,,,,,,,,,,,,,,,,,,,,,,,,,,,,,,
-47.55,,,,,,,,,,,,,,,1.8,,,,,,,,,,,,,,,,,,,,,,,,,,,,,,,,,,,,,,,,,,,,,
-45.2,,,,,,,,,,,,,,,,,,,,,,,,,,,,,,,,,,,,,,,,,,,,,,4.7,,,,,,,,,,,,,,
-42.06,,,,,,,,,,,,,,,,6.5,,,,,,,,,,,,,,,,,,,,,,,,,,,,,,,,,,,,,,,,,,,,
-41.45,,,,,,,,,,,,,,,,,,,0.65,,,,,,,,,,,,,,,,,,,,,,,,,,,,,,,,,,,,,,,,,
-40.54,,,,,,,,4.0,1.3,5.0,1.15,4.95,,4.550000000000001,2.25,7.0,,,,,,,,,,,,,,,,,,,,,,,,,,,,,,,,,,,,,,,,,,,,
-40.3,,,,,,,,,,,,,,,,,,,,,,,,,,,,,,,,,,,,5.9,,,,5.1,,,,,,,,,,,,,,,,,,,,
-40.23,3.5,5.5,,5.199999999999999,1.9500000000000002,,2.25,,2.1,5.2,,5.0,,,,,,5.85,1.3,,0.8400000000000001,,,,,,,,,,,,,,,,,,,,,,,,,,,,,,,,,,,,,,,
-40.2,,,,,,,,,,,,,,,,,,,,,,,,,,,,,,,,,,,,,,,,,,,,,,24.4,,,,,,,,,,,2.4,,,
-40.1,,,,,,,,,,,,,,,,,,,,,,,,,,,,,,,,,1.0,,,,,,,,,,,,1.3,,3.7,,,,,,,,2.6,,,,,
-40.0,,,,,,,,,,,,,,,,,,,,,,,,,,,2.4,,0.8800000000000001,5.4,0.9,4.6,,5.1,1.9,,0.7,4.3,,,2.0,,1.7,,,,,6.0,0.7,,1.1,4.7,1.2,6.4,,6.3,,5.4,0.9,
-39.93,3.7,5.75,1.0,,,4.7,,5.0,,,,,,,,,1.8,,,,,,,,,,,,,,,,,,,,,,,,,,,,,,,,,,,,,,,,,,,
-39.9,,,,,,,,,,,,,,,,,,,,,,,3.2,,,,,,,,,,,,,,,,2.0,,,,,6.1,,,,,,6.0,,,,,,,,,,
-39.8,,,,,,,,,,,,,,,,,,,,,,,,,,,,,,,,,1.1,,,,,,,,,5.3,,,,,,,,,,,,,,,,,,
-39.62,,3.4,1.2,,,4.9,,,,,,,,,,,,,,,,,,,,,,,,,,,,,,,,,,,,,,,,,,,,,,,,,,,,,,
-37.0,,,,,,,,,,,,,,,,,,,,,,,,,,4.81,,,,,,,,,,,,,,,,,,,,,,,,,,,,,,,,,,
-36.88,,,,5.5,,,,,,,,,,,,,,,,,,,,,,,,,,,,,,,,,,,,,,,,,,,,,,,,,,,,,,,,
-35.66,,,,,,,,,,5.2,,,,,,,,,,,,,,,,,,,,,,,,,,,,,,,,,,,,,,,,,,,,,,,,,,
-35.36,,,,,,,,,,,,,,4.7,,,,,,,,,,,,,,,,,,,,,,,,,,,,,,,,,,,,,,,,,,,,,,
-35.0,,,,,,,,,,,,,,,,,,,,,,,,,,,,,,5.4,,,,,,,,,,,,,,,,,,,,,,,,,,,,,,
-34.44,,,,,,,,,,,,,,,,8.1,,,,,,,,,,,,,,,,,,,,,,,,,,,,,,,,,,,,,,,,,,,,
-34.14,,,,,,,,,,,,,,,,,,6.8,,,,,,,,,,,,,,,,,,,,,,,,,,,,,,,,,,,,,,,,,,
-33.22,,,,,,6.0,,,,,,,,,,,,,,,,,,,,,,,,,,,,,,,,,,,,,,,,,,,,,,,,,,,,,,
-32.61,,,,,,5.9,,,,,,6.2,,,,,,,,,,,,,,,,,,,,,,,,,,,,,,,,,,,,,,,,,,,,,,,,
-32.0,,,,,,,,,,,,,,,,,,,,,,,,,,,,,,,,,,,,,,,,,,,,,,,,,,6.3,,,,,,,,,,
-31.09,,,,,,,,,,,,,,5.4,,10.0,,,,,,,,,,,,,,,,,,,,,,,,,,,,,,,,,,,,,,,,,,,,
-30.8,,,,,,,,,,,,,,,,,,,,,,,,,,,,,,,,,,,,,,,,,,,,,,,,,,,,4.9,,,,,,,,
-30.48,,,,,,,,4.9,,,,,,,,,,,,,,,,,,,,,,,,,,,,,,,,,,,,,,,,,,,,,,,,,,,,
-30.4,,,,,,,,,,,,,,,,,,,,,,,,,,,,,,,,,,,,,,,,,,,,,,,,,0.35,,,,,,,,,,,
-30.18,,,,,1.9,,,,1.3,,,,,,,,1.8,,0.8999999999999999,,,,,,,,,,,,,,,,,,,,,,,,,,,,,,,,,,,,,,,,,
-30.1,,,,,,,,,,,,,,,,,,,,,,,,,,,,,,,,,1.05,,1.9,,0.6,,,,,,,,1.3,,3.7,,,,,,,,,,2.4,,,
-30.0,,,,,,,,,,,,,,,,,,,,,,,,,,,2.35,,0.8800000000000001,,0.9,,,5.2,,,,,2.0,,2.0,,1.7,,,,,6.3,,,1.1,,1.2,,2.6,,,,0.9,
-29.9,,,,,,,,,,,,,,,,,,,,,,,3.2,,,,,,,,,,,,,,,,,,,,,,,,,,,,,,,,,,,,,
-29.87,3.7,5.3,0.925,6.5,1.8,,2.2249999999999996,,1.3,,1.15,6.4,,,2.25,,,,,,0.8400000000000001,,,,,,,,,,,,,,,,,,,,,,,,,,,,,,,,,,,,,,,
-29.57,3.5,,,,,,,8.3,2.9,,,,,,1.8,,2.65,,,,,,,,,,,,,,,,,,,,,,,,,,,,,,,,,,,,,,,,,,,
-29.26,,7.0,,,,,,,,,,,,,,,,,,,,,,,,,,,,,,,,,,,,,,,,,,,,,,,,,,,,,,,,,,
-28.5,,,,,,,,,,,,,,,,,,,,,,,,,,,,,,,,,,,,,,,,5.2,,,,,,,,,,,,,,,,,,,,
-28.4,,,,,,,,,,,,,,,,,,,,,,,,,,,,,,,,,,,,,,,,,,,,,,5.5,,,,,,,,,,,,,,
-28.1,,,,,,,,,,,,,,,,,,,,,,,,,,,,,,,,,,,,,,,,,,,,,,,,,,,,,,,,7.7,,,,
-28.04,,,,7.4,,,,,,,,,,,,,,,,,,,,,,,,,,,,,,,,,,,,,,,,,,,,,,,,,,,,,,,,
-28.0,,,,,,,,,,,,,,,,,,,,,,,,,,,,,,,,4.6,,,,,,,,,,,,,,,,,,,,,,,,,,8.4,,
-27.2,,,,,,,,,,,,,,,,,,,,,,,,,,,,,,9.8,,,,,,,,,,,,,,,,,,,,,,,,,,,,,,
-27.1,,,,,,,,,,,,,,,,,,,,,,,,,,,,,,,,,,,,,,,,,,6.5,,,,,,,,,,,,,,,,,,
-26.52,,,,6.5,,,,,,,,,,,,,,,,,,,,,,,,,,,,,,,,,,,,,,,,,,,,,,,,,,,,,,,,
-25.8,,,,,,,,,,,,,,,,,,,,,,,,,,,,,,,,,,,,,,,,,,,,7.3,,,,,,,,,,,,,,,,
-25.5,,,,,,,,,,,,,,,,,,,,,,,,,,,,,,,,,,,,,,,,,,,,,,,,,,,,,,,,8.5,,,,
-25.3,,,,,,,,,,,,,,,,,2.65,,,,,,,,,,,,,,,,,,,,,4.4,,,,,,,,,,,,,,,,,,,,,,
-25.2,,,,,,,,,,,,,,,,,,,,,,,,,,,,,,,,,,,,,,,,,,,,,,,,,,,,8.4,,,,,,,,
-24.9,,,,,,,,,,,,,,,,,,,,,,,,,,,,8.1,,,,,,,,,,,,,,,,,,,,,,,,,,,,,,,,
-24.38,,,,,,,,,,,,,,,,13.0,,,,,,,,,,,,,,,,,,,,,,,,,,,,,,,,,,,,,,,,,,,,
-23.4,,,,,,,,,,,,,,,,,,,,,,,,,,,,,,,,,,,,13.4,,,,,,,,,,,,,,,,,,,,,,,,
-23.1,,,,,,,,,,,,,,,,,,,,,,,,,,,,,,,,,,,,,,,,,,,,8.4,,,,,,,,11.5,,,,,,,,
-22.56,,,,,,,,,,13.8,,,,,,,,,,,,,,,,,,,,,,,,,,,,,,,,,,,,,,,,,,,,,,,,,,
-22.25,,11.7,,,,,,,,,,,,,,,,8.1,,,,,,,,,,,,,,,,,,,,,,,,,,,,,,,,,,,,,,,,,,
-22.0,,,,,,,,,,,,,,,,,,,,,,,,,,,,,,,,12.2,,,,,,,,,,,,,,,,,,10.5,,,,,,,,,,
-21.34,,,,,,13.3,,,,,,,,,,,,,,,,,,,,,,,,,,,,,,,,,,,,,,,,,,,,,,,,,,,,,,
-21.0,,,,,,,,,,,,,,,,,,,,,,,,,,9.57,,,,,,,,,,,,,,,,,,,,,,,,,,,,,,,,,,
-20.9,,,,,,,,,,,,,,,,,,,,,,,,,,,,,,,,,,,,,,,,,,9.2,,,,,,,,,,,,,,,,,,
-20.8,,,,,,,,,,,,,,,,,,,,,,,,,,,,,,,,,,,,,,,,,,,,15.1,,,,,,,,,,,,,,,,
-20.73,,,,9.1,,,,,,,,,,,,,,,,,,,,,,,,,,,,,,,,,,,,,,,,,,,,,,,,,,,,,,,,
-20.42,,,,,,14.0,,,,,,,,,2.25,,,,,,,,,,,,,,,,,,,,,,,,,,,,,,,,,,,,,,,,,,,,,
-20.2,,,,,,,,,,,,,,,,,,,,,,,,,,,,,,,,,,,,,,,,,,,,,,,,,,,,,,,,,2.3,,,
-20.12,,13.75,,,,,2.4,,2.9,,1.1,,,,,18.0,2.65,,,,1.1,,,,,,,,,,,,,,,,,,,,,,,,,,,,,,,,,,,,,,,
-20.1,,,,,,,,,,,,,,,,,,,,,,,,,,,,,,,,,1.0,,,,,,1.9,,,,,,,,,,0.7,,,,,,,,,,,
-20.0,,,,,,,,,,,,,,,,,,,,,,,,,,,2.35,,0.8800000000000001,,0.9,,,,1.9,,0.3,,,,1.9,,1.7,,1.3,,,16.2,,,1.0,21.2,1.2,8.9,2.6,,,,0.9,
-19.9,,,,,,,,,,,,,,,,,,,,,,,3.2,,,,,,,,,,,,,,,,,,,,,,,,3.7,,,,,,,,,,,,,
-19.81,,,,,1.8,,2.0,13.0,1.3,,1.2,,,8.3,,,1.8,,1.05,,0.57,,,,,,,,,,,,,,,,,,,,,,,,,,,,,,,,,,,,,,,
-19.51,,,,,,,,16.0,,,,,,,1.8,,,,,,,,,,,,,,,,,,,,,,,,,,,,,,,,,,,,,,,,,,,,,
-19.4,,,,,,,,,,,,,,,,,,,,,,,,,,,,,,,,,,,,,,,,,,,,22.8,,,,,,,,,,,,,,,,
-19.2,3.7,,0.75,17.9,,,,,,,,15.0,,,,,,,0.65,,,,,,,,,,,,,,,,,,,,,,,,,,,,,,,,,,,,,,,,,
-19.0,,,,,,,,,,,,,,,,,,,,,,,,,,,,,,,,,,,,,,,,,,,,,,,,,,,,,,,,17.8,,,,
-18.9,3.5,,1.0,,,,,,,,,,,,,,,,,,,,,,,,,,,,,,,,,,,,,,,,,,,,,,,,,,,,,,,,,
-18.8,,,,,,,,,,,,,,,,,,,,,,,,,,,,,,,,,,,,,,15.5,,,,,,,,,,,,,,,,,,,,,,
-18.59,,,,,,,,,,15.0,,,,,,,,,,,,,,,,,,,,,,,,,,,,,,,,,,,,,,,,,,,,,,,,,,
-18.2,,,,,,,,,,,,,,,,,,,,,,,,,,,,,,,,,,,,,,,,,,,,,,,,,,16.2,,,,,,,,,,
-18.0,,,,,,,,,,,,,,,,,,,,,,,,,,,,,,,,20.2,,,,,,,,17.7,,,,,,,,,,,,,,,,,,,,
-17.9,,,,,,,,,,,,,,,,,,,,,,,,,,,,,,,,,,,,24.2,,,,,,,,,,,,,,,,,,,,,,,,
-17.37,,15.3,,,,21.3,,,,,,15.8,,,,,,,,,,,,,,,,,,,,,,,,,,,,,,,,,,,,,,,,,,,,,,,,
-17.0,,,,,,,,,,,,,,,,,,,,,,,,,,,,,,,,,,9.3,,,,,,,,,,,,,,24.4,,,,,,,,,,,,
-16.9,,,,,,,,,,,,,,,,,,,,,,,,,,,,19.3,,,,,,,,,,,,,,,,,,,,,,,,,,,,,,,,
-16.46,,,,16.0,,,,,,,,,,,,,,12.0,,,,,,,,,,,,,,,,,,,,,,,,,,,,,,,,,,,,,,,,,,
-16.15,,,,14.0,,,,,,,,,,12.4,,,,,,,,,,,,,,,,,,,,,,,,,,,,,,,,,,,,,,,,,,,,,,
-16.0,,,,,,,,,,,,,,,,,,,,,,,,,,19.0,,,,,,,,,,,,,,,,,,,,,,,,,,,,,,,,19.9,,
-15.85,,,,22.5,,,,,,,,,,,,,,,,,,,,,,,,,,,,,,,,,,,,,,,,,,,,,,,,,,,,,,,,
-15.54,,,,,,,,,,,,,,,,22.1,,,,,,,,,,,,,,,,,,,,,,,,,,,,,,,,,,,,,,,,,,,,
-14.63,,,,,,21.4,,21.4,,,,,,,,,,,,,,,,,,,,,,,,,,,,,,,,,,,,,,,,,,,,,,,,,,,,
-14.5,,,,,,,,,,,,,,,,,,,,,,,,,,,,,,,,,,,,,,,,,,,,,,13.6,,,,,,,,,,,,,,
-14.02,,,,,,,,,,23.2,,,,,,,,,,,,,,,,,,,,,,,,,,,,,,,,,,,,,,,,,,,,,,,,,,
-14.0,,,,,,,,,,,,,,,,,,,,,,,,,,,,23.5,,,,,,24.8,,,,,,,,,,,,,,,,,,,,,,24.4,,,,
-13.9,,,,,,,,,,,,,,,,,,,,,,,,,,,,,,,,,,,,,,,,22.4,,,,,,,,,,,,,,,,,,,,
-13.72,,,,,,,,,,,,,,,,22.2,,,,,,,,,,,,,,,,,,,,,,,,,,,,,,,,,,,,,,,,,,,,
-13.0,,,,,,,,,,,,,,,,,,,,,,,,,,22.2,,,,,,,,,,,,,,,,,,,,,,,,,,,,,,,,21.8,,
-12.7,,,,,,,,,,,,,,,,,,,,,,,,,,,,,,,,,,,,,,,,,,,,,,,,,,,,,,15.0,,,,,,
-12.5,,,,,,,,,,,,,,,,,,22.2,,,,,,,,,,,,,,,,,,,,,,,,,,,,,,,,,,,,,,,,,,
-12.4,,,,,,,,,,,,,,,,,,,,,,,,,,,,,,,,,,,,,,,,,,22.9,,,,,,,,,,,,,,,,,,
-12.19,,,,,,,,,,,,23.2,,,,,,,,,,,,,,,,,,,,,,,,,,,,,,,,,,,,,,,,,,,,,,,,
-12.0,,,,,,,,,,,,,,,,,,,,,,,,,,,,,,,,,,,,,,,,,,,,,,,,,,20.5,,,,16.9,,,,,,
-11.58,,,,,,,,22.8,,,,,,,,,,,,,,,,,,,,,,,,,,,,,,,,,,,,,,,,,,,,,,,,,,,,
-11.28,,,,,,,,,,,,,,,,,,21.6,,,,,,,,,,,,,,,,,,,,,,,,,,,,,,,,,,,,,,,,,,
-11.1,,,,,,,,,,,,,,,,,,,,,,,,,,,,,,,,,,,,,,,,,,,,,,23.9,,,,,,,,,,,,,,
-10.97,,,,,,,,,,23.8,,,,20.8,,,,,,,,,,,,,,,,,,,,,,,,,,,,,,,,,,,,,,,,,,,,,,
-10.36,,,,,,,,,,,,,,,1.8,,,,,,,,,,,,,,,,,,,,,,,,,,,,,,,,,,,,,,,,,,,,,
-10.2,,,,,,,,,,,,,,,,,,,,,,,3.2,,,,,,,,,,,,,,,,,,,,,,,,,,,,,,,,,,,,,
-10.1,,,,,,,,,,,,,,,,,,,,,,,,,,,,,,,,,,,,,0.3,24.2,,,,,,,,,3.7,,0.7,,,,,,,,2.3,,,
-10.06,3.6,22.21666666666667,0.65,22.7,1.7,,2.3,,1.3,,1.2,,,,,,2.225,,,,0.835,,,,,,,,,,,,,,,,,,,,,,,,,,,,,,,,,,,,,,,
-10.0,,,,,,,,,,,,,,,,,,,,,,,,,,,2.1666666666666665,,0.8800000000000001,,0.8,,0.8,25.1,1.9,,,,1.9,22.4,1.9,,1.8,,1.3,,,,,,1.0,21.3,1.1,,2.6,,,,0.9,
-9.9,,,,,,,,,,,,,,,,,,,,,,,,,,,,,,,,,,,,,,,,,,,,24.2,,,,,,,,,,,,,,,,
-9.75,,,1.0,,1.8,,,,2.9,,,,,,2.3,,,,1.0,,,,,,,,,,,,,,,,,,,,,,,,,,,,,,,,,,,,,,,,,
-9.45,,,,,,22.0,,,,,,,,,,,,,0.65,,,,,,,,,,,,,,,,,,,,,,,,,,,,,,,,,,,,,,,,,
-9.4,,,,,,,,,,,,,,,,,,,,,,,,,,,,,,,,,,,,,,,,,,,,,,,,,,,,,,21.4,,,,,,
-9.14,,,,,,,,,,,,25.0,,,,,,,,,,,,,,,,,,,,,,,,,,,,,,,,,,,,,,,,,,,,,,,,
-9.0,,,,,,,,,,,,,,,,,,,,,,,,,,,,,,,,20.8,,,,24.2,,,,,,,,,,,,,,,,,,,,,,,,
-8.5,,,,,,,,,,,,,,,,,,,,,,,,,,,,,,,,,,,,,,,,,,,,,,,,24.4,,,,,,,,,,,,
-7.92,,,,,,,,,,23.5,,,,,,,,,,,,,,,,,,,,,,,,,,,,,,,,,,,,,,,,,,,,,,,,,,
-7.62,,,,,,,,,,,,,,21.6,,,,,,,,,,,,,,,,,,,,,,,,,,,,,,,,,,,,,,,,,,,,,,
-7.32,,,,,,,,21.4,,,,,,,,,,,,,,,,,,,,,,,,,,,,,,,,,,,,,,,,,,,,,,,,,,,,
-7.01,,,,22.5,,,,,,,,,,,,,,,,,,,,,,,,,,,,,,,,,,,,,,,,,,,,,,,,,,,,,,,,
-7.0,,,,,,,,,,,,,,,,,,,,,,,,,,,,23.6,,,,,,25.1,,,,,,,,23.7,,,,,,,,,,,,,,25.3,,,,
-6.5,,,,,,,,,,,,,,,,,,,,,,,,,,23.6,,,,,,,,,,,,,,,,,,,,,,,,,,,,,,,,22.2,,
-6.4,,,,,,,,23.0,,,,,,,,,,,,,,,,,,,,,,,,,,,,,,,,,,,,,,,,,,,,,,,,,,,,
-6.0,,,,,,,,,,,,,,,,,,,,,,,,,,,,,,,,,,,,,,,,,,,,,,,,,,20.7,,,,,,,,,,
-5.4,,,,,,,,,,,,,,,,,,,,,,,,,,,,,,,,,,,,,,,,,,,,,,23.9,,,,,,,,,,,,,,
-5.3,,,,,,,,,,,,,,,,,,,,,,,,,,,,,,,,,,,,,,,,22.4,,,,,,,,,,,,,,,,,,,,
-5.2,,,,,,,,,,,,,,,,,,,,,,,,,,,,,,,,,,,,,,,,,,,,,,,,,,,,,,,,,2.3,,,
-5.18,,,,,,,2.3,,,,,,,,,22.5,2.65,21.6,1.0,,,,,,,,,,,,,,,,,,,,,,,,,,,,,,,,,,,,,,,,,
-5.1,,,,,,,,,,,,,,,,,,,,,,,3.2,,,,,,,,,,1.0,,,,0.3,,1.9,,,,1.8,,,,,,,,,,,,,,,,,
-5.0,,,,,,,,,,,,,,,,,,,,,,,,,,,2.3,,0.8800000000000001,22.6,0.7,20.9,0.6,,1.9,24.2,,24.2,,,1.9,,,,,,3.7,,,,1.0,,1.1,21.9,2.6,,,,0.9,
-4.9,,,,,,,,,,,,,,,,,,,,,,,,,,,,,,,,,,,,,,,,,,,,,1.3,,,,0.7,,,,,,,,,,,
-4.88,,23.25,0.8,22.8,1.75,21.6,1.85,,1.8666666666666665,23.8,1.2,25.1,,21.5,2.05,,1.8,22.6,0.65,,0.54,,,,,,,,,,,,,,,,,,,,,,,,,,,,,,,,,,,,,,,
-4.57,,22.225,,,,,,,,,,24.7,,,,22.2,,,,,1.1,,,,,,,,,,,,,,,,,,,,,,,,,,,,,,,,,,,,,,,
-4.27,3.6,,,,,,,,,,,,,,,,,,,,,,,,,,,,,,,,,,,,,,,,,,,,,,,,,,,,,,,,,,,
-4.0,,,,,,,,,,,,,,,,,,,,,,,,,,,,,,,,,,,,,,,,,,,,,,,,,,,,21.3,,,,,,,,
-3.1,,,,,,,,,,,,,,,,,,,,,,,,,,,,,,,,,,,,,0.3,,,,,,,,,,,,,,,,,,,,,,,
-3.0,,,,,,,,,,,,,,,,,,,,,,,,,,,,,,,,,,25.1,,,,,,,,,,,,,,24.4,,,,,,,,,,,,
-2.5,,,,,,,,,,,,,,,,,,,,,,,,,,,,,,23.5,,,,,,,,,,22.4,,,,,,,,,0.7,,,,,,,,,,,
-2.3,,,,,,,,,,,,,,,,,,,,,,,,,,,,,,,,,,,,,,,,,,,,,,23.9,,,,,,,,,,,,,,
-2.2,,,,,,,,,,,,,,,,,,,,,,,,,,,,,,,,,,,,,,,,,,,,,,,,,,,,,,,,,2.3,,,
-2.1,,,,,,,,,,,,,,,,,,,,,,,,,,,,,,,,,,,1.9,,,,,,,,,,,,,,,,,,,,2.6,,,,,
-2.0,,,,,,,,,,,,,,,,,,,,,,,,,,,,,,,,20.9,,,,,,,,,1.9,24.7,,24.2,1.3,,,,,,1.0,,1.1,21.9,,25.3,,22.7,0.9,
-1.9,,,,,,,,,,,,,,,,,,,,,,,,,,,,,,,,,1.0,,,,,,,,,,1.8,,,,3.7,,,,,,,,,,,,,
-1.8,,,,,,,,,,,,,,,,,,,,,,,,,,,,,,,,,,,,,,,,,,,,,,,,,,20.7,,,,,,,,,,
-1.6,,,,,,,,,,,,,,,,,,,,,,,,,,,,,,,,,0.4,,,24.3,,24.2,,,,,,,,,,,,,,,,,,,,,,
-1.5,,,,,,,,,,,,,,,,,,,,,,,3.3,,,,,,,,0.6,,,,,,,,2.0,,,,,,,,,,,,,,,,,,,,,
-1.0,,,,,,,,,,,,,,,,,,,,,,,,,,23.62,2.35,23.8,0.8800000000000001,23.2,,,,,,,,,,,,,,,,,,,,,,,,,,,,,,
-0.91,3.6,22.583333333333332,0.8,22.8,1.75,21.75,2.05,22.2,1.8666666666666665,23.7,1.2,25.55,,21.75,2.05,22.35,2.225,22.1,0.825,,0.8200000000000001,,,,,,,,,,,,,,,,,,,,,,,,,,,,,,,,,,,,,,,
-0.0,,,,,,,,,,,,,,,,,,,,,,,,,,25.0,1.8,,0.8800000000000001,0.0,0.8,10.25,0.0,0.0,0.0,0.0,0.0,,0.0,0.0,0.0,0.0,1.8,,,,,0.0,,,0.0,,,,,,,,,
